"id","favorite count","retweet count","text","created at"
897634256045961216,0,0,"Hm.","2017-08-16 01:40:58"
897215482331365376,1,0,"@_summerlee13 I like taking pictures with you :) You make me look good. 😍","2017-08-14 21:56:55"
897108392581509120,1,0,"Y'all I'm so blessed. My girl is coming to enjoy my birthday with me ❤","2017-08-14 14:51:22"
896857330553368576,1,0,"@ayeeitsmarife my dad made a post on Facebook saying the same thing.","2017-08-13 22:13:45"
896293641135828992,1,0,"PSA Pt.2 : Just because you are rushing... Doesn't mean you take something in the room that was agreed on someone else having. That's shady.","2017-08-12 08:53:51"
896293040859611136,1,0,"PSA: When you are making plans and agreements with your froomie pre move in. Don't switch up and take something that was already agreed on.","2017-08-12 08:51:27"
893329595080077313,1,0,"@_summerlee13 You're honestly so pretty. Like.","2017-08-04 04:35:47"
889705435762106368,0,0,"@Sodapoppintv Coming in @Sodapoppintv is making a video about jake paul tomorrow.","2017-07-25 04:34:40"
887416403963326465,1,1,"That moment when u feel empty bc ur person isn't with u","2017-07-18 20:58:52"
886769470588452864,1,0,"Took a gamble on a 5 year friendship. One of the best moments of me pulling my head out of my butt. I'm happy. https://t.co/W3030jowNF","2017-07-17 02:08:11"
886460497876443136,1,0,"Getting to wake up to my best friend is the best thing ever. Like.","2017-07-16 05:40:26"
883207095327371264,1,0,"My girlfriend absolutely hates when I pay for stuff. But I'm like, ""You deserve it."" https://t.co/yZB0rGD5Vf","2017-07-07 06:12:35"
883181184556998656,1,0,"When it comes to us every single touch is something special","2017-07-07 04:29:37"
883169198440099845,1,0,"There's something about reading something and giving our own interpretation of things that interests me.","2017-07-07 03:42:00"
883169039236956166,1,0,"I've never been one to say this, but I'm excited for my girl to get back so we can start studying the word together.","2017-07-07 03:41:22"
883147602191110144,0,0,"Why?","2017-07-07 02:16:11"
882715960741953536,1,0,"Art. 😍 https://t.co/b2LXJgSL1p","2017-07-05 21:40:59"
882648123021176832,1,0,"Things just aren't going good for me right now. I'm glad I have my girlfriend. I wouldn't be sane without her support.","2017-07-05 17:11:25"
882454671524331520,0,0,"We've come so far my dear
Look how we've grown","2017-07-05 04:22:43"
882432059792400384,1,0,"@_summerlee13 I love you too ❤","2017-07-05 02:52:52"
882398001523773440,1,0,"Star crossed. 💓 https://t.co/E9hpNPoWwb","2017-07-05 00:37:32"
882336374858371072,2,0,"My girlfriend was so excited to tell me that she ate all of her food. I love the little things.","2017-07-04 20:32:39"
882039873913462785,1,0,"@_summerlee13 https://t.co/itWauz4uee","2017-07-04 00:54:28"
882039229945184256,1,0,"@_summerlee13 https://t.co/eMBD81Okaq","2017-07-04 00:51:54"
882038395991674880,0,0,"Let down 101","2017-07-04 00:48:35"
881749729071247360,0,0,"@_summerlee13 Thank you for always building my confidence in my music. I may not be the best but you make me feel like it. 💓","2017-07-03 05:41:32"
881747394328711169,1,0,"You're lovely, and everything I'll ever need.","2017-07-03 05:32:15"
881746880232914944,1,0,"I'd rather choke than to breathe in your absence.","2017-07-03 05:30:12"
881625623206211585,1,0,"You make my heart burst.","2017-07-02 21:28:23"
881625556588134401,1,0,"My life is sour without you.","2017-07-02 21:28:07"
881625510979174404,1,0,"You add color to my life.","2017-07-02 21:27:56"
881519189340688384,1,0,"it's just you and me until we're grey and old.","2017-07-02 14:25:27"
881175792981610502,0,0,"Check your notes.","2017-07-01 15:40:55"
880670058443415552,0,0,"This was my wake up call. Time to do better.","2017-06-30 06:11:18"
880668524628332544,0,0,"I begging you not like this.","2017-06-30 06:05:12"
880666777293869057,1,0,"You are my sunshine. https://t.co/3weyncTVey","2017-06-30 05:58:16"
880563084363931648,1,0,"Are you really happy if you don't do "":)))))"" in a text?","2017-06-29 23:06:14"
880153854511337472,1,0,"my girlfriend is prettier but ok https://t.co/AHHtTNZm39","2017-06-28 20:00:06"
879940245336322048,1,0,"I find myself lost in memories. When I come back to reality, I want to make more with you. https://t.co/2peDwwfdtm","2017-06-28 05:51:17"
879735911801638912,1,0,"If you're thinking about dating your best friend. Make sure she/he has really held you down in the hardest. They will ride for you.","2017-06-27 16:19:20"
879529363733188609,1,0,"@Matt_Peacock99 I'm speechless.","2017-06-27 02:38:35"
879529175656407040,1,0,"The fact that my girlfriend and I share the anniversary of Harry Potter is wild. Happy 9 months to my person. 💓
@_summerlee13","2017-06-27 02:37:50"
879206459132792833,0,0,"@ayeeitsmarife I wish you could've experienced what I did tonight. Like. dude.","2017-06-26 05:15:29"
879206153883979776,1,0,"To my person. https://t.co/2c0FLoDVrm","2017-06-26 05:14:16"
879204502640963584,3,0,"First night of wired: I uncontrollably broke down. But letting out all of the emotion really took a load that has been burdening my life.","2017-06-26 05:07:42"
878035328673628160,0,0,"Because you'll never feel good enough.","2017-06-22 23:41:50"
878035259375276032,0,0,"Insecurities really weigh down your life. Don't be like me. It's hard, lonely, etc. You will ruin everything good in your life.","2017-06-22 23:41:33"
877928334276968448,1,0,"""I put my arms around you and I'm home"" https://t.co/tALviwX5QC","2017-06-22 16:36:40"
877667467270791168,1,0,"Appreciate you more than you'll ever know. Thankful for my #1 supporter. 💓 https://t.co/l9WviNcG9Z","2017-06-21 23:20:05"
877344063069929473,1,0,"@_summerlee13 I LoVE u MoRE https://t.co/JzxUBViweB","2017-06-21 01:54:59"
877340287256772609,0,0,"@_summerlee13 I'll send it back. Or just get you another one that's prettier.","2017-06-21 01:39:59"
877339769759563776,1,0,"MY GIRL IS HOT.... peep the choker. https://t.co/Za0ypXQiFV","2017-06-21 01:37:55"
876912781798375425,1,0,"""BABY... can I get this..?"" *Enters in PayPal info* https://t.co/RN8z3Bl7cG","2017-06-19 21:21:14"
876181077110476800,1,0,"@TweetLikeAGirI My Wolf-Husky hybrid Ari 💓 She is my baby. https://t.co/ioEpYyarM0","2017-06-17 20:53:42"
874800724269576197,1,0,"""She is the sun that beams throughout my dark clouds"" https://t.co/I1NcH1obrG","2017-06-14 01:28:40"
873050301342687233,1,0,"@_summerlee13 You're wonderful. I love you too. 💓","2017-06-09 05:33:06"
872649917646417921,1,0,"This is my best friend and she is cute. https://t.co/YkQvhT6c5A","2017-06-08 03:02:08"
872307212798099456,2,1,"I can't wait to wake up every morning to my best friend.","2017-06-07 04:20:20"
871524463866765313,3,0,"With a note that said ""I'll love her till I die"".","2017-06-05 00:29:58"
871524362494586880,3,0,"They found him with his face down in the pillow.","2017-06-05 00:29:34"
870671758013190145,1,0,"@ashleypeacock_ @_summerlee13 She didn't throw up. False alarm. 😇","2017-06-02 16:01:38"
870512104708620290,0,0,"@ashleypeacock_ @_summerlee13 Yes Ma'am. Just not right now. 😂","2017-06-02 05:27:13"
870497902979710978,0,0,"Why am I even here?","2017-06-02 04:30:47"
869662256916828161,0,0,"@CenturyLinkHelp My (already) shitty internet went out again.","2017-05-30 21:10:14"
868308386605142017,2,0,"My girlfriend and best friend graduated  today. Really bittersweet.","2017-05-27 03:30:26"
867598941822570496,2,0,"@SixSecondCover @_summerlee13 I wish I was good like this. But I suck","2017-05-25 04:31:21"
866832882559590400,1,0,"@_summerlee13 I love you. But you're cutest nose goes.","2017-05-23 01:47:18"
866178249088524288,0,0,"You played yourself. Silly girl.","2017-05-21 06:26:02"
865604550228627456,2,0,"""how to worry your girl 101""
Send a snap of you bleeding https://t.co/sKLJv8e3nP","2017-05-19 16:26:21"
865196643284656128,1,0,"Really wish I could see my girl walk today.","2017-05-18 13:25:28"
865030375537606658,1,0,"Made my day. https://t.co/3qHvFAptBv","2017-05-18 02:24:47"
865029964462161920,1,0,"@_summerlee13 pinky promise?","2017-05-18 02:23:09"
863967553235955713,1,1,"Needed this https://t.co/RSOB9Fys7L","2017-05-15 04:01:31"
860943493803454465,0,0,"@CenturyLinkHelp Called your support last night. The girl hung up on me. Great service.","2017-05-06 19:44:59"
860745786124111872,0,0,"@NASA Can I use your internet to play farmville? @CenturyLink is awful.","2017-05-06 06:39:21"
860741919009234944,1,0,"She tells me everyday https://t.co/ldhUJLhC9V","2017-05-06 06:23:59"
860732875968319488,0,0,"@Ask_Spectrum Can you come replace my ass internet? Extend your location in my county so I can have a good ISP. @CenturyLink is ass.","2017-05-06 05:48:03"
860732285829697536,0,0,"@CenturyLinkHelp I just want to play farmville.","2017-05-06 05:45:43"
860731859881295872,0,0,"@CenturyLinkHelp If 364kbs peak download speed is high speed. Xfinity or Spectrum has got that NASA internet.","2017-05-06 05:44:01"
860731233613099008,0,0,"@CenturyLink u still ass.","2017-05-06 05:41:32"
860728605537689600,0,0,"@CenturyLinkHelp Y'all are ass. Ya boy can't game with friends because your company as a whole is ass. Lose internet access mid game.","2017-05-06 05:31:05"
859970534137896960,1,0,"A better man is who I am with you.","2017-05-04 03:18:47"
859964108074037252,1,0,"A love as true as yours. blessed.","2017-05-04 02:53:15"
858902170053292032,1,0,"She still is https://t.co/01YX5JcaiT","2017-05-01 04:33:29"
858869063048626176,1,0,"@_summerlee13 you give me meaning.","2017-05-01 02:21:56"
858538503067619333,1,0,"@_summerlee13 YAY","2017-04-30 04:28:24"
858537373206032384,1,0,"@_summerlee13 I. love. you.","2017-04-30 04:23:55"
857728994887819264,1,0,"My girlfriend finds eating as a competition to eat faster than myself. She is the cutest.","2017-04-27 22:51:42"
857163590402441217,0,0,"7 is your favorite number. Well one of them. Let's make it 74. How about even more?","2017-04-26 09:24:59"
855498630928769025,0,0,"2% Failure","2017-04-21 19:09:02"
854451342039011328,2,0,"you chose the most broken person. but you stay. that is a blessing.","2017-04-18 21:47:29"
854448851528425473,0,0,"@emilaaaay18 when GC paid for ACTPrep, no one would do it and complained how ""stupid"" it was. They stopped funding it after the first year.","2017-04-18 21:37:35"
853031973031424002,0,0,"""I hate myself for showing you that"" - JD https://t.co/ih45oqAKMG","2017-04-14 23:47:25"
853028231578091520,1,0,"I used to be focused on rocks. Now I have a diamond.","2017-04-14 23:32:33"
852431301911117824,1,0,"@_summerlee13 https://t.co/Q3lifMhNA0","2017-04-13 08:00:34"
852116499225620481,1,0,"I love you.","2017-04-12 11:09:39"
851166841166868480,0,0,"@KEEMSTAR @jimmyfallon I tweeted the same one lol.","2017-04-09 20:16:03"
851106830763929601,0,0,"@jimmyfallon https://t.co/YCROyTDJ3y","2017-04-09 16:17:35"
850925257854783489,2,0,"""You have notifications"" *looks at phone and puts it down* ""you have uh a twitter notification, it's not like it's… https://t.co/nbGEmr89oe","2017-04-09 04:16:05"
850216210046242816,0,0,"😢 https://t.co/kr0mS6BXLT","2017-04-07 05:18:35"
850168058517889025,1,0,"my girlfriend just went out of her way to get me waffles, just because I jokingly asked for some.","2017-04-07 02:07:15"
849907003426299904,1,0,"I wish I could wake up to my best friend.","2017-04-06 08:49:54"
849777172013342721,1,0,"I didn't get to look at the stars with you tonight.","2017-04-06 00:14:00"
849529894711287809,1,0,"Okay so my favorite anime just had a new season release after 4-5 years of silence. 12 episodes and it's over? Disappointed.","2017-04-05 07:51:25"
849236072286613504,0,0,"Am I worth what I brought to the table?","2017-04-04 12:23:52"
849231409239773184,1,0,"You have made me into a better person.","2017-04-04 12:05:20"
849225813111255042,1,0,"I haven't spent anywhere near enough time with you. So don't leave me behind for too long.","2017-04-04 11:43:06"
849096602295967744,0,0,"wyd","2017-04-04 03:09:40"
849096194764812288,0,0,"@nicole_jms_ what are u talking about","2017-04-04 03:08:02"
849094566338801664,0,0,"@nicole_jms_ wyd","2017-04-04 03:01:34"
848931694254194688,0,0,"Sink.","2017-04-03 16:14:22"
848735506431176705,2,0,"@_summerlee13 ur so hot.","2017-04-03 03:14:48"
847894177102917633,1,1,"The stars are smiling apon us.","2017-03-31 19:31:39"
847172463062646784,1,0,"Hope you like it.","2017-03-29 19:43:49"
847081890909687808,2,0,"Carry you off in the rain.","2017-03-29 13:43:55"
846907731063779328,2,0,"all I ever needed","2017-03-29 02:11:52"
846333471870124032,1,0,"Having someone that supports and cares about you to the fullest extent is one of the best feelings in the world.","2017-03-27 12:09:58"
846242043915649024,1,0,"What if I was made you and you were made for me?","2017-03-27 06:06:40"
845340504774656001,1,1,"Today is my last prom and I get to end it with my best friend","2017-03-24 18:24:16"
845119689231523841,0,0,"Ruin one thing to the next.","2017-03-24 03:46:50"
844624733056503814,1,0,"I write about you all the time.","2017-03-22 19:00:03"
843992582267031552,1,0,"@_summerlee13 you're such a wonderful person. 💓","2017-03-21 01:08:06"
843991019964239873,1,0,"Your words are like a love song to me.","2017-03-21 01:01:54"
843674670788501504,1,1,"Today's was wonderful and it was all because of you.","2017-03-20 04:04:50"
843570255939223557,1,0,"You're the angel that gives me reason but I can't begin to count my demons. Some how you keep me dreamin'.","2017-03-19 21:09:56"
843028620557893632,1,0,"You're different. You're better.","2017-03-18 09:17:40"
842946926689619968,1,0,"@Wes4sho If this isn't the truth.","2017-03-18 03:53:03"
842721665960361984,1,0,"Gotta know her favorite numbers guys. The little things in life.
3,4,7,9,13,18,21,24,37,74 &amp; so on.","2017-03-17 12:57:56"
842668688759296001,2,0,"Your smile and laugh is better than any drug I've done in the past.","2017-03-17 09:27:26"
842569465019727872,1,0,"you are my future","2017-03-17 02:53:09"
842560122975064064,2,0,"Falling more in love with you everyday. https://t.co/W3uTUyK63V","2017-03-17 02:16:01"
842069145105641473,0,0,"My girlfriends phone is broken, so I haven't talked to her all day. It has been extremely boring.","2017-03-15 17:45:03"
841832734515421184,1,0,"Forever we'll be, you and me.","2017-03-15 02:05:39"
841474269594951680,3,0,"I have very few goals.
Marry a girl that loves Jesus.
Have beautiful kid(s)
Be successful in life.
Be a grandparent.
Die happy.","2017-03-14 02:21:14"
841340605355720704,0,0,"I wish I had vocals like @Frontporchstep Send help.","2017-03-13 17:30:06"
841339394309181440,1,0,"I start to struggle to hold myself back from thrusting my head straight through the fucking glass.","2017-03-13 17:25:17"
841317578479919106,0,0,"you still have memories.","2017-03-13 15:58:36"
841064728692678656,1,0,"Unconditionally. https://t.co/z5sw0KfNYb","2017-03-12 23:13:52"
840335310160580608,1,0,"Now until the day I die.","2017-03-10 22:55:25"
839974134960496641,1,0,"@_summerlee13 you're beautiful 😍","2017-03-09 23:00:14"
839958077000548355,0,0,"over it.","2017-03-09 21:56:25"
839708413814788096,1,0,"I swear to you, that we can make this last.","2017-03-09 05:24:21"
839563282147119108,2,0,"u have literally no reason to be rude. get over yourself.","2017-03-08 19:47:39"
839190793302728704,0,0,"Whomever it was. I'm rly happy.","2017-03-07 19:07:31"
839186585996443648,0,0,"Someone blessed me today.","2017-03-07 18:50:48"
839122611594543104,1,0,"""This whole thing was a mistake. But how could this whole thing be a mistake that I don't have to wash my hands after I touch her?""- Neil H.","2017-03-07 14:36:35"
837913541118160896,0,0,"Song, take me.
To a better place, where I'll embrace a soul that sets me free.
Calm, at peace.
Far beyond this mess my mind can rest.","2017-03-04 06:32:10"
836108092953800704,1,0,"""I swear when I grow up, I won't just buy you a rose. I will buy the flower shop, and you will never be lonely""","2017-02-27 06:57:58"
836046451817992192,1,0,"@_summerlee13 okay :/ I just hate seeing you like this.","2017-02-27 02:53:01"
836045776077926400,1,0,"@_summerlee13 the meds you gave me helped. want me to bring those to you? :)","2017-02-27 02:50:20"
836024012299984901,1,0,"even though our day at the beach ended with my girl being sick and the rest ended with me wrecking on a dirt bike. Still blessed.","2017-02-27 01:23:51"
835186072724389888,1,0,"you are my favorite playlist","2017-02-24 17:54:11"
835006823086292992,0,0,"Just realized @Frontporchstep liked my tweet and I'm kinda happy right now.","2017-02-24 06:01:54"
835005715790053376,0,0,"Get Out was a gr8 movie. Had a good time with friends.","2017-02-24 05:57:30"
834920184553095169,2,0,"My girlfriend has the flu and I hate it.","2017-02-24 00:17:38"
834872880877944835,1,0,"Vibing to new @Frontporchstep music. ✌","2017-02-23 21:09:40"
834649078223011840,0,0,"of course when I actually am able to sleep I can't","2017-02-23 06:20:21"
834508060576055296,1,0,"When your girlfriend is probably freaking out that you're having surgery. 😂","2017-02-22 21:00:00"
834462930511024130,1,0,"Waiting to be called back at a clinic takes about 8 years.","2017-02-22 18:00:40"
834443401827328002,1,0,"Let's see if they take my gallbladder 😂","2017-02-22 16:43:04"
833880903390785536,1,0,"In the future I see a happy place.","2017-02-21 03:27:54"
833513690670448642,0,0,"Today was the perfect day to ride. Ready to get my bike.","2017-02-20 03:08:44"
833509532269760512,1,0,"@_summerlee13 always","2017-02-20 02:52:13"
832837385440329728,1,0,"low key my girlfriend is a baddie who can throw hands.","2017-02-18 06:21:20"
832837031155945473,1,0,"bc god, my girlfriend and family are the most important things to me.","2017-02-18 06:19:56"
832836704176332800,1,0,"and MOST DEFINITELY DO NOT CALL ME A LIAR ABOUT MY GIRLFRIEND OR FAMILY.","2017-02-18 06:18:38"
832836606008623104,1,0,"When I block someone it's for a reason. Do not look me up on Facebook to harass me more.","2017-02-18 06:18:14"
832817134984187905,1,0,"Just like the stars I'm your light when it's too dark to see.","2017-02-18 05:00:52"
832657794163544064,1,0,"You've got all of me. I belong to you.","2017-02-17 18:27:42"
832131266027872257,1,0,"rly miss u right now","2017-02-16 07:35:28"
831957691715223557,1,0,"You keep me sane.","2017-02-15 20:05:45"
831594474501505026,2,0,"Happy Valentine's day to my wonderful, caring, and loving best friend. I'm unconditionally in love with you. Couldn… https://t.co/J0yxHnXXcw","2017-02-14 20:02:27"
831341577746399232,2,0,"Getting better everyday.","2017-02-14 03:17:32"
831281497948692483,1,0,"Tomorrow is yet another day where you get spoiled a little bit more.","2017-02-13 23:18:48"
831036785178329089,2,0,"Don't know what I did, to earn a love like this.","2017-02-13 07:06:24"
830989449408475140,1,0,"I would be lying if I said that I could live this life without you.","2017-02-13 03:58:18"
830868343968129025,2,0,"I fell in love with you bc you loved me, even when I didn't love myself. I'm blessed.","2017-02-12 19:57:04"
830278224777244678,0,1,"Just enough to get my feet wet, but not enough to let me drown.","2017-02-11 04:52:09"
830271549580132352,0,0,"There it goes.","2017-02-11 04:25:37"
830253328214929408,0,0,"Excuse the language but. This is fact. I have experience. https://t.co/7b3vBhTF1s","2017-02-11 03:13:13"
830227975501180928,0,0,"Of course. 💡","2017-02-11 01:32:28"
830224093312086016,1,0,"The proud will be humbled, but the humble will be honored. Luke 14:11","2017-02-11 01:17:03"
830200555079401472,1,0,"I feel so successful right now.","2017-02-10 23:43:31"
830115637599096832,1,0,"A lifetime together, even in heaven. That's a sweet feeling.","2017-02-10 18:06:05"
830111680269017088,1,0,"To infinity and beyond.","2017-02-10 17:50:21"
830084547480080385,1,0,"one more day.","2017-02-10 16:02:33"
829904833255702528,0,0,"can you just go away.","2017-02-10 04:08:25"
829895040466051072,1,0,"I know this love is real.","2017-02-10 03:29:31"
829753587156807680,2,0,"My beautiful rock and supporter. You'll never you'll never understand what this girl means to me. 💍 https://t.co/ay2EqSQxXF","2017-02-09 18:07:25"
829579554528325632,1,0,"@_summerlee13 Well I'm here. I love you and always will. We got this. We have goals to accomplish together. You're my future.","2017-02-09 06:35:53"
829574358750330881,1,0,"Without you. I feel broke. Like I'm half of a whole.","2017-02-09 06:15:14"
829550026472964096,1,0,"Forever.","2017-02-09 04:38:33"
829506460321193989,0,0,"Go ahead girl make daddy proud. 💍
#makedaddyproud","2017-02-09 01:45:26"
829371334715113473,1,0,"You could drag me through hell, if it meant I could hold your hand.","2017-02-08 16:48:29"
829195807811305474,1,0,"please don't take my sunshine away","2017-02-08 05:11:00"
829194038901407745,1,0,"fun fact. me and my girlfriend almost have the same color eyes. except mine have more of a bluish tint than hers.","2017-02-08 05:03:59"
829143714131873793,0,0,"@iamblackbear chilling in a hot house without no power. These new tracks caused a storm.","2017-02-08 01:44:00"
829143537681772544,0,0,"highkey feel so useless man.","2017-02-08 01:43:18"
829134302352961536,0,0,"highkey done","2017-02-08 01:06:36"
829024169690013698,1,0,"I can and will do better.","2017-02-07 17:48:59"
829007790349905920,0,0,"just have a good day. I'm out.","2017-02-07 16:43:54"
828846870491430912,0,0,"@MikePosner Actually wanting to make a cover of #richwhitegirls working on the instrumental.","2017-02-07 06:04:27"
828803752022917121,1,0,"""Deny me in front of your peers and I'll deny you in front of my father"" WIRED can't get here any faster.","2017-02-07 03:13:07"
828745602007756801,2,0,"I need you and sleep.","2017-02-06 23:22:03"
828607218903896069,0,0,"Perfect day. please.","2017-02-06 14:12:10"
828471669933142016,1,0,"God take control. Please","2017-02-06 05:13:33"
828444681986068480,0,0,"Pats with the comeback and the W","2017-02-06 03:26:18"
828414801399406595,1,0,"Gaga just killed the halftime show.","2017-02-06 01:27:34"
828381573124849664,1,0,"wish I could b in the hole ur in tbh","2017-02-05 23:15:32"
828283983876259840,0,0,"They only love me when I pay em no mind.🔥
#richwhitegirls","2017-02-05 16:47:45"
828117968592764928,1,0,"@_summerlee13 I miss you too. But I'm happy you're enjoying yourself. ❤","2017-02-05 05:48:04"
828093480887017472,0,0,"Just keep praying Brian. Just keep praying.","2017-02-05 04:10:45"
828081674311311361,1,0,"@Sodapoppintv I wish I was chilling like that cat tbh.","2017-02-05 03:23:50"
828066329739591680,1,0,"I'm sorry.","2017-02-05 02:22:52"
827967492672909313,1,0,"@_summerlee13  but ur 8 years away from me and I need tattoos","2017-02-04 19:50:07"
827956409715273731,1,0,"I'm missing you rn.","2017-02-04 19:06:05"
827930388588875776,1,0,"girlfriend is gone for a week. thinking about scheduling a tattoo appointment 😤","2017-02-04 17:22:41"
827610519922212867,1,0,"step in my shoes 4 a day. promise you'll regret it.","2017-02-03 20:11:38"
827600926248730626,1,0,"highkey sick of this lol","2017-02-03 19:33:31"
827434630794055681,1,0,"boi @mansionz is going to take over 2017 with this fire. 

#richwhitegirls","2017-02-03 08:32:43"
827424675357741056,1,0,"u + me = us","2017-02-03 07:53:10"
827418959574085633,1,0,"You can count on me.","2017-02-03 07:30:27"
827233774601662465,0,0,"I'm in this alone right now. Gotta keep praying.","2017-02-02 19:14:35"
827173794607464448,0,0,"If we start lighting up the people causing anarchy in our country with rubber rounds (or full metal). Things would be different.","2017-02-02 15:16:15"
827172577386909697,1,0,"Wot' n' Tarnation.","2017-02-02 15:11:25"
826973928639840256,1,0,"That sermon tonight was literally perfect for me.","2017-02-02 02:02:03"
826918060539965441,1,1,"I'm ready for the rain cloud above my head to go away.","2017-02-01 22:20:03"
826543612200644608,3,0,"Couldn't be happier with this beautiful girl. 😍 https://t.co/URAEecwzhm","2017-01-31 21:32:08"
826320536452100096,1,0,"you're the one.","2017-01-31 06:45:42"
826316452655427585,1,0,"You're not in my life anymore. Yet you continue to screw me. Help.","2017-01-31 06:29:29"
825837824456925189,0,0,"#makedaddyproud @iamblackbear https://t.co/4Z0LWMFqv9","2017-01-29 22:47:35"
824820432700370946,2,0,"me rn bc taco bell in the mall supposedly closed down. https://t.co/DZAKPnyvZY","2017-01-27 03:24:50"
824746320170799108,1,0,"The hell I'd go through to make sure you're still smiling.","2017-01-26 22:30:20"
824528199925301248,1,0,"I want to be the one that holds your hand for the rest of time.","2017-01-26 08:03:36"
824492362030346240,1,0,"never felt more sorry for anything in my life.","2017-01-26 05:41:12"
824140029584871425,1,0,"https://t.co/w1Y2fi6Yyy","2017-01-25 06:21:09"
821448302508068866,0,0,"@CenturyLinkHelp 
Y is ur service so trash? We pay for HIGH SPEED internet.","2017-01-17 20:05:11"
820827388917542912,3,0,"Ur better than ice cream and Netflix https://t.co/rxCpLgpSTR","2017-01-16 02:57:54"
820705948675276801,1,0,"Ur gr8","2017-01-15 18:55:20"
820497294755856384,1,0,"just saying. I miss u. lots.","2017-01-15 05:06:13"
816840467975467013,0,0,"never gets old tbh https://t.co/GBkGQXIxQ8","2017-01-05 02:55:18"
816838431770812416,3,0,"if I could go back. i would've chose you all along.","2017-01-05 02:47:12"
816025207186092033,1,0,"@_summerlee13 :))","2017-01-02 20:55:45"
812708061899063296,0,0,"@FedExHelp So. I order a package with a delivery date of 23 and It's not going to be here. Simply because the driver misrouted and got lazy.","2016-12-24 17:14:35"
812707565767274497,1,0,"I deserve nothing, but you...? deserve the world.","2016-12-24 17:12:37"
811976154127224832,2,0,"The fact that I wake up before my girlfriend, when before I would sleep until 5pm amazes me.","2016-12-22 16:46:15"
811778984753172484,2,0,"@_summerlee13 of course. ❤ much more love for you.","2016-12-22 03:42:46"
808739493964615680,2,1,"I'm so happy with you. like. whoa.","2016-12-13 18:24:55"
807439189721681920,2,0,"She is 2 months? Where did you get your info?","2016-12-10 04:17:58"
806040260564156416,2,0,"couldn't be happier that I gave this a chance","2016-12-06 07:39:08"
803708470868451329,0,0,"Currently waiting for Black Desert to download and I really don't know what to do.","2016-11-29 21:13:26"
803097294946074624,0,0,"not trying 2 b rude but plz stop being a frickin' frick.","2016-11-28 04:44:50"
799478632896991232,0,0,"I love life man. It's so thrilling. You never know whether you're going to stub your pinky toe or make a million dollars.","2016-11-18 05:05:34"
796260995731779585,0,0,"#MAGA","2016-11-09 07:59:49"
796258695084548097,0,0,"Hillary conceded by a phone call to Donald Trump. She couldn't even talk to the people that were there to support her.","2016-11-09 07:50:41"
796256389450596352,0,0,"@Grummz Fox News just confirming Donald Trump as president.","2016-11-09 07:41:31"
796254855102951425,0,0,"@Grummz 276 According to google Trump has won the presidency.","2016-11-09 07:35:25"
796252812036313088,1,0,"@RealMiloBrando @Grummz https://t.co/tLglK9oCMI","2016-11-09 07:27:18"
796252547140960256,0,0,"@theenixsquared @Grummz https://t.co/tLglK971Va","2016-11-09 07:26:15"
796249057593278464,0,0,"@Grummz  But we all know what is going to happen with they stats the way they are. NYTimes says a 95% Chance for Trump. Also with 265/270.","2016-11-09 07:12:23"
796247985348808704,0,0,"@Grummz We'll just have to see how this goes tomorrow morning.","2016-11-09 07:08:07"
796227992993333248,0,0,"@z0mgItsHutch I would believe so, it would make sense. In some cases that didn't involve violence or evading.","2016-11-09 05:48:41"
796225066665209856,0,0,"I'm so proud of Geneva County. 85.5% @realDonaldTrump","2016-11-09 05:37:03"
793473887879049216,1,0,"Trying not to look like trash. (Hint: which is why my face is hidden) https://t.co/moXXad5l5v","2016-11-01 15:24:51"
793100490334736384,2,0,"Get you a boy that games and is faithful. He'll teach you how to rift and fall in love. 😂 https://t.co/YOuzCG9iFM","2016-10-31 14:41:06"
793055791288815619,0,0,"Just a little taste of what I've been working on recently. 🙈 In a very awkward sounding fashion… https://t.co/szvYcycAhw","2016-10-31 11:43:29"
793001075523592192,0,0,"Preparing myself to sleep for 17 hours.","2016-10-31 08:06:04"
792989412535697408,0,0,"""Sorry I look like garbage"" = me 100% of the time.","2016-10-31 07:19:43"
790379906098139136,1,0,"@roscoeharley1 I'll cry later prob.","2016-10-24 02:30:28"
790378909560868864,3,0,"Family 😭 #FreshBuzz https://t.co/8fCwaS4D7f","2016-10-24 02:26:31"
790377372306513920,0,0,"@AMCTalkingDead I can't handle what I just watched. #FreshBuzz","2016-10-24 02:20:24"
790367849726504960,1,0,"@KernMarina https://t.co/DtNuP16Dy4","2016-10-24 01:42:34"
790367422800859136,0,0,"#WeinersoutforGlennandAbe #TheWalkingDead","2016-10-24 01:40:52"
790365581061087232,0,0,"@AMCTalkingDead Wtf just happened.","2016-10-24 01:33:33"
790365319147773952,0,0,"@WalkingDead_AMC  Why did you do this?","2016-10-24 01:32:31"
790364706645090305,1,0,"@KernMarina Maybe he'll survive this time too. 😂😭","2016-10-24 01:30:04"
790364548494663680,0,0,"@TheWalkingDead I hate you forever now. #TheWalkingDead","2016-10-24 01:29:27"
788690308787740672,2,1,"@Jessicaa_603 this is pretty much accurate 4 u. Going to sleep now. Thx. https://t.co/9GY5TRbQfe","2016-10-19 10:36:37"
786640600103809024,0,0,"If I had a spirit animal. It would prob be @iamblackbear","2016-10-13 18:51:48"
774056718724653056,2,0,"WHAT IS MEREDITH DOING MAN?","2016-09-09 01:27:57"
772277433567436800,0,0,"Oh and Row Tad Alabama.","2016-09-04 03:37:43"
772276919069016064,0,0,"Quit complaining on everything social media to get attention. (Yes this is a subtweet)","2016-09-04 03:35:40"
748237725975855104,0,0,"""I miss the feeling of you missing me
But you say you're over and done with me."" - Drake","2016-06-29 19:32:30"
747517526570041344,0,0,"It keeps getting worse. But I'm not letting myself get to the edge.","2016-06-27 19:50:41"
746762766191558656,1,2,"Make sure you leave your trust issues behind when you get in a relationship.","2016-06-25 17:51:32"
744766352129400832,0,0,"GSW fans have to be so salty.","2016-06-20 05:38:30"
741850874281070592,1,0,"@Skyler_Brannon 😐😐","2016-06-12 04:33:26"
741846114119356416,0,0,"@KEEMSTAR You may be known as a ""bad guy"" but everyone makes mistakes, it just takes a lot of will to come up from that to get respect again","2016-06-12 04:14:31"
741845770207367168,1,0,"@KEEMSTAR @Alfie_Watson The fact that you at least take the time out of your day to simply donate funds is awesome.","2016-06-12 04:13:09"
741840628993036288,3,0,"Man. Today sucked.","2016-06-12 03:52:43"
741546287078735872,0,0,"https://t.co/KenLWmfn7i
Forever will be my favorite rendition of this song. #RIPchristinagrimmie","2016-06-11 08:23:06"
741544850441539584,1,1,"#RIPchristinagrimmie  
I'mheartbroken about this. Such an amazing talent of this world taken by evil acts. Prayers go out to the family. ❤","2016-06-11 08:17:24"
736986577755209728,2,0,"Hit this up!
@ImShmacked 
https://t.co/DWT09IYM1N","2016-05-29 18:24:27"
733384172144865281,1,0,"I'm honestly so surprised that I didn't cry today.","2016-05-19 19:49:46"
732416347536273408,1,1,"OKC put in that work tonight. 108-102 #thundervswarriors","2016-05-17 03:43:59"
728965436621107200,0,0,"@kayewatkins_ Plus they did a dress code check everyday this week.","2016-05-07 15:11:18"
728965291762438144,0,0,"@kayewatkins_ Reynold's almost sent me to ISS for my shirt being untucked, Devin got ISS multiple times for his shirt being untucked.","2016-05-07 15:10:43"
728962008989749248,0,0,"@kayewatkins_ @cody_joiner We get ISS for untucked shirts 😂 Brooks is relentless.","2016-05-07 14:57:41"
726616551693103104,0,0,"I gotta admit. This was funny. 😂 https://t.co/lAuzbPfAlQ","2016-05-01 03:37:40"
726607207467483136,0,0,"I have no idea what OKC doing tonight.. I'm glad that this is a long series..","2016-05-01 03:00:32"
726088271604883457,0,0,"@Grummz @NostalBegins Thank you for what you did and said Mark.","2016-04-29 16:38:28"
725151635379462144,1,1,"@Auston69510819 @KEEMSTAR @JoblessGarrett The fact that he liked your tweet. 😂","2016-04-27 02:36:37"
723732816857575425,0,0,"Headshot https://t.co/5leME7n5Pc","2016-04-23 04:38:44"
722815363801591808,0,0,"What are you doing for 4/20? Getting high on school work. #stoned","2016-04-20 15:53:06"
719939766922407936,0,0,".@CaptainAmerica I stand with #TeamCap. #TweetMe
https://t.co/CCKAuOYX6l","2016-04-12 17:26:30"
719555612733005824,3,0,"@TobyTurner @YouTube I want to believe that you didn't do it. I really do. The fact of the matter is.. You're innocent until proven guilty.","2016-04-11 16:00:01"
718635593048072192,0,0,"@AprilEfff You were strong and had courage to post your story publicly. I hope that time will heal the mental wounds and the scars will fade","2016-04-09 03:04:11"
718634919879049217,0,0,"So @TobyTurner is an alleged rapist. He used to be one of my favorite channels growing up. What the heck is up with YouTubers now...","2016-04-09 03:01:31"
718264557228179456,0,0,"Cough drops are my only lifeline right now. 💀","2016-04-08 02:29:49"
717376956824698881,0,0,"@LeafyIsHere You did it for the animals.. Except the hamsters..","2016-04-05 15:42:49"
717187684276518912,0,0,"@LeafyIsHere Thank you for saving the animals.","2016-04-05 03:10:43"
716899396357660672,0,0,"The Walking Dead needs to quit doing this to me. Just watched the Season 6 Finale and I'm frustrated.","2016-04-04 08:05:10"
716877076431769600,0,0,"😂😂😂 https://t.co/DvIajMmWg8","2016-04-04 06:36:28"
704841952999698432,4,1,"Found a new favorite word. 🔗🔗 #Kanuch","2016-03-02 01:33:11"
701876977016422404,0,0,"@XboxSupport Having trouble with launching Netflix and YouTube. I've hard reset my console. No fix.","2016-02-22 21:11:26"
701094122250227713,1,0,"@_summerlee13 https://t.co/fENw5GdjNn","2016-02-20 17:20:39"
695770510144249856,1,0,"@KernMarina You already know fam. 🔗🔗","2016-02-06 00:46:31"
688034142756433921,0,0,"@LittleMVH Thank you!","2016-01-15 16:24:57"
687327987063111681,0,1,"Leggooo #weeviltour","2016-01-13 17:38:56"
687326706965676032,0,0,"@whittakert #weeviltour https://t.co/vvHwCcNGL8","2016-01-13 17:33:51"
687323903882989568,0,1,"All of those amazing voices. #weeviltour","2016-01-13 17:22:43"
687315540642148353,0,0,"#weeviltour","2016-01-13 16:49:29"
686400143436988416,1,0,"I recommend to not be stupid. #thanks","2016-01-11 04:12:01"
686293839955505152,1,0,"@_summerlee13 I didn't. Someone else did. 😂","2016-01-10 21:09:36"
686288130568269824,0,0,"Drunk driving is fun. Till you get caught. 😂😂😂😂😂","2016-01-10 20:46:55"
685876511837040640,0,0,"People complaining about their classes 3 days into the next semester. Sucks to suck.","2016-01-09 17:31:18"
683885935298150400,1,0,"@ImShmacked does it count if I want to be?","2016-01-04 05:41:27"
683875836705947648,1,0,"@_summerlee13 Uh. No. You tell me rn. 

Plz.","2016-01-04 05:01:19"
683865365135241216,1,0,"@katriinaliisa I don't have to go until Wednesday. 💁 Gotta love a small county school system.","2016-01-04 04:19:43"
683864731023572994,1,0,"@_summerlee13 ?","2016-01-04 04:17:12"
683864496599740416,0,0,"@KEEMSTARx You're fine. You do a great job at what you do. DramaAlert is my new absolute favorite channel on YouTube. I respect hard work.","2016-01-04 04:16:16"
683862539738861568,0,0,"#KnockersMcGee @KEEMSTARx","2016-01-04 04:08:29"
683861922207240193,0,0,"@KEEMSTARx I'm chill. I swear. Too much to deal rn. This title man.","2016-01-04 04:06:02"
683861584972627969,0,0,"Watching the new #DramaAlert @KEEMSTARx I have to at least be close to the first 1,000 💁","2016-01-04 04:04:42"
683857887077138432,2,0,"@KEEMSTARx @ItsJDChris What he said.","2016-01-04 03:50:00"
683857542468861952,0,0,"@KEEMSTARx I have my GFuel ready and my boy Orville Redenbacher snack game too strong.","2016-01-04 03:48:38"
683837188660838400,0,0,"@KEEMSTARx Yassssssss","2016-01-04 02:27:45"
683834596371214336,0,0,"@KEEMSTARx @PhillyD It's not just a youtube channel anymore. This is the news.","2016-01-04 02:17:27"
683823777780613121,0,0,"@Queen_Keilani I'm honestly hoping that it's really not true. Time will tell the future I guess..","2016-01-04 01:34:28"
683823617591779328,0,0,"@Queen_Keilani We'll just have to see how this is going to play out. It just really sucks bc Yamimash was one of my favorite youtuber.","2016-01-04 01:33:49"
683821571119562754,0,0,"@Queen_Keilani by @KEEMSTARx","2016-01-04 01:25:42"
683821478790299650,0,0,"@Queen_Keilani Not to stir up any trouble but, there is a police report from the first accusation. Also some social worker stuff posted.","2016-01-04 01:25:19"
683743814599766017,0,0,"@GerbGork Holy crap. I didn't even notice my awful grammar right there. Thanks mate!","2016-01-03 20:16:43"
683741845520826368,0,0,"@ashleymandi47 @_ewokalypse @KEEMSTARx Trust me.. I feel you. I pulled an all-nighter playing DS2 and woke up to this drama. #dramaalert","2016-01-03 20:08:53"
683740298472763393,0,0,"@ashleymandi47 @_ewokalypse @KEEMSTARx In her case that is.","2016-01-03 20:02:45"
683740222895566848,1,0,"@ashleymandi47 @_ewokalypse @KEEMSTARx Well. A police report that don't exist.","2016-01-03 20:02:27"
683740158710136832,0,0,"@ashleymandi47 @_ewokalypse @KEEMSTARx Well. Considering it's a different girl. I don't think she would be able to post a police report.","2016-01-03 20:02:11"
683739385397907456,0,0,"@ashleymandi47 @_ewokalypse @KEEMSTARx There is a police report. Also, Keem posted a picture of the social worker letter to the Sarah girl.","2016-01-03 19:59:07"
683738208363003904,0,0,"@_ewokalypse @KEEMSTARx You're brave for coming out like this. Some morons will still defend him and attack you. So just say ayy lmao.","2016-01-03 19:54:26"
682418410165268480,0,0,"@NicholasDeary @ProSyndicate You are milking this crap for exposure. Making yourself look stupid. You're a moron.","2015-12-31 04:30:02"
682418270801125376,0,0,"@NicholasDeary @ProSyndicate You're butthurt over something that was supposed to be squashed a while back.","2015-12-31 04:29:29"
682418118543708161,0,0,"@NicholasDeary @ProSyndicate Skype is used not just for calls but professional business meetings.","2015-12-31 04:28:52"
682095836029816833,1,0,"@ImShmacked All of Alabama's Universities are lame. Please spice them up next year for me. 👌😂","2015-12-30 07:08:14"
681284895642005504,0,0,"Well. That was some bs. If you haven't seen star wars. Be prepared to cry. #fuckkylo","2015-12-28 01:25:51"
680833747944607744,0,0,"@KEEMSTARx ME. I WILL. PLZ. ME. PICK. ME. #DramaAlert","2015-12-26 19:33:09"
680833476552163328,0,0,"Yo. If someone plays Dark Souls 2 on xb1. Help a nigga out plz. #darksouls","2015-12-26 19:32:04"
680555575424454656,0,0,"You don't know what hell is like until you have played Dark Souls 2 for 6 hours straight.","2015-12-26 01:07:47"
679535804067102720,0,0,"@KEEMSTARx  missing a interview right? He said he will come on the show, but then he says that he won't. #DramaAlert","2015-12-23 05:35:35"
679513513744830464,0,0,"@katriinaliisa Shit happens man.","2015-12-23 04:07:01"
679212237001740288,0,0,"Ayy lmao https://t.co/yP0eR1oYKs","2015-12-22 08:09:51"
679198341419425792,1,0,"@schoolshooterye @KEEMSTARx Too far.","2015-12-22 07:14:38"
679198082253389824,0,0,"@KEEMSTARx Makes since.","2015-12-22 07:13:36"
679196243516633088,0,0,"So twitter was steamy with drama last night. @KEEMSTARx GET THAT INTERVIEW GOING PLEASE.","2015-12-22 07:06:17"
679190968189501440,0,0,"@Jessewelle I send my condolences.","2015-12-22 06:45:20"
676820200365289472,0,0,"He wants to fight? Okay. I'm cool with it. Ayy lmao.","2015-12-15 17:44:45"
676252379772129280,0,0,"Everyday at Geneva County High School. https://t.co/2Xm7BEldDJ","2015-12-14 04:08:26"
676141554323488768,0,0,"So. I just witnessed a granny running from cops in Dothan. Ayy lmao","2015-12-13 20:48:03"
675566444935962624,0,0,"Getting out of bed after leg day https://t.co/ttLQ8HBqcu","2015-12-12 06:42:46"
675559891084304384,1,0,"Got skipped by a ugly girl on omegle before I even said hello. Ayy lmao","2015-12-12 06:16:43"
402926944519749632,0,0,"@MarcMero The presentation at our school was fantastic. Lets hope that it changed peoples lives. #ibelieve","2013-11-19 22:30:44"
