"id","favorite count","retweet count","text","created at"
897918616389042176,1,0,"@cory20201 Meh just be like https://t.co/Rmkco820e6","2017-08-16 20:30:55"
897918180185837568,1,0,"@0BurkeBlack0 Gettin ready for battle like https://t.co/YHuUFVCv4j","2017-08-16 20:29:11"
897641624976674822,0,0,"@Funky_Flubber This is exactly how I feel","2017-08-16 02:10:15"
897640410406940676,4,4,"OBS keeps crashing before I can even try to go live at this point looks like I'm going to have to reinstall no stre… https://t.co/H7IqAbpfJt","2017-08-16 02:05:25"
897603845488029696,1,0,"@RealFBalderdash @AshvauTweet @BigPapa165 @battle734 @_Pixistics @cbSeleste @Sidelinekiller @cory20201 You know it https://t.co/3Ys5Pym3sd","2017-08-15 23:40:08"
897603110318821376,1,0,"@AshvauTweet @BigPapa165 @battle734 @_Pixistics @cbSeleste @Sidelinekiller @RealFBalderdash @cory20201  https://t.co/yHDiUJUOPW","2017-08-15 23:37:12"
897567417458708480,1,0,"@Funky_Flubber @jordankrey1 @Ginger_coto @cgndotus @GameTechLV @beta_rage Ah gotcha","2017-08-15 21:15:22"
897560889888559105,0,0,"@Funky_Flubber @jordankrey1 @Ginger_coto @cgndotus @GameTechLV @beta_rage Really like them bro have to say the dark… https://t.co/qJfFw8AFRP","2017-08-15 20:49:26"
897536833315143680,1,1,"@CaduceusFawkes  https://t.co/gJ2hY7vngg","2017-08-15 19:13:51"
897451987712712704,2,0,"@TeamEmmmmsie @TheDooth The real Dag of the show https://t.co/0rMIpjPcul","2017-08-15 13:36:42"
897265894245769217,0,0,"They are working on it though https://t.co/7vatRd0XV1","2017-08-15 01:17:14"
897265405475028992,3,2,"Was going 2 do rando stream tonight but twitch having connection issues and I can't connect see ya tmrw… https://t.co/pdmQTeV9gQ","2017-08-15 01:15:17"
897241456619999232,21,1,"@HPE I'm just sayin https://t.co/FonmtuSkmo","2017-08-14 23:40:07"
897236666531950592,2,0,"@cory20201  https://t.co/BaIkJVEb4p","2017-08-14 23:21:05"
896638483107852288,1,0,"@cheddarmcdoogle Yes Sir Born and Raised","2017-08-13 07:44:07"
896541900106280962,2,0,"@AshvauTweet @BigPapa165 @ShamBamXX @Sidelinekiller @battle734 @_Pixistics @WildWestMMO Hell yeah cant wait to check it out","2017-08-13 01:20:20"
896518490022137856,1,1,"Life made for a crazy schedule this week No stream tonight I will be back streaming this Monday at my usual time ha… https://t.co/EBjpHxAWBT","2017-08-12 23:47:19"
896444954200952832,1,0,"@Funky_Flubber Few weeks for some I was lucky I gues only took a few days for mine","2017-08-12 18:55:06"
896420068090949634,0,0,"@AshvauTweet @iRampRuff @Tydriest @BigPapa165 Right","2017-08-12 17:16:13"
896418681315627008,2,1,"@AshvauTweet @iRampRuff @Tydriest @BigPapa165 Wow finally","2017-08-12 17:10:42"
896170435561304064,3,0,"No Stream tonight spending some time with the wife and working on a few things with the stream have a great Friday… https://t.co/sR2AEUxN79","2017-08-12 00:44:16"
896073433745735680,1,0,"@Funky_Flubber @beta_rage @anthonycoyne12 @cory20201 @GameTechLV @luvamal Respect Bro https://t.co/X0DomJU6kY","2017-08-11 18:18:49"
895998110207528960,7,0,"@PhitoNation @alittlenobody @iRampRuff @AshvauTweet @BigPapa165 @Sidelinekiller @ShamBamXX @WiltGaming @carmyab… https://t.co/s39vMPqB6w","2017-08-11 13:19:30"
895997565182889986,1,0,"@NotoriousWizP I'm 31 and will never stop https://t.co/Ek4Gvj8IMt","2017-08-11 13:17:21"
895825343872991232,4,6,"No stream tonight everyone working on a few things for the stream see ya all tomorrow #TeamEmmmmsie #teamssg… https://t.co/Rp9YJwiaxd","2017-08-11 01:53:00"
895808851265466368,1,0,"@AshvauTweet You got it bro be good to have you back https://t.co/6G7VqJIqBM","2017-08-11 00:47:28"
895728280887754753,1,2,"@battle734 @TwitchSharer @WE_RTs @ImLiveRT  https://t.co/AA0ijFoPad","2017-08-10 19:27:18"
895461326310342656,19,17,"Live https://t.co/oJIJW1RpHs #pubg @PUBGRetweet #TeamEmmmmsie #TeamSSG #SupportSmallStreamers @TwitchSharer @WE_RTs… https://t.co/L18awQVBHp","2017-08-10 01:46:31"
895322578528509952,1,0,"@warkeygamingtv @HyperRTs @RogueRTs  https://t.co/ujBhWTN9jD","2017-08-09 16:35:11"
895102532229267456,13,19,"Live https://t.co/oJIJW1RpHs @BDO_News #TeamEmmmmsie #TeamSSG #SupportSmallStreamers @TwitchSharer @WE_RTs Lets get… https://t.co/XjMu93SgMM","2017-08-09 02:00:48"
895074789915848704,0,0,"@BigPapa165 Happy Anniversary Bro https://t.co/d0ydTIt4iE","2017-08-09 00:10:34"
893980141650665472,5,5,"No stream tonight everyone not feeling well, gonna try and get some rest. Have a great evening everyone… https://t.co/YdXF9ViHgV","2017-08-05 23:40:49"
893633158691700737,5,5,"Hey y'all No stream tonight been a crazy day and I'm exhausted see y'all tomorrow Miss yo faces #TeamEmmmmise… https://t.co/VScQUEuND3","2017-08-05 00:42:02"
893629016955138048,2,0,"@birdyypwns @StryderOmega @PhitoNation @cheddarmcdoogle @AshvauTweet @death0fm3 @timrawgaming @iRampRuff… https://t.co/37oFg8LNoj","2017-08-05 00:25:35"
893628680756502529,1,0,"@PhitoNation @zombiexmuffinx @WarbreakerTV @kage63 @redsonja575 @letspokey @warkeygaming_tv @AshvauTweet… https://t.co/FZIt6UOx97","2017-08-05 00:24:14"
893627818466299904,2,1,"@cbSeleste @Lenke08 @Tydriest @silentkilla562 @arisunei @basttiiiaan @DrozZombie @S4M04NSL4Y3R @QueenOfPizzaxo… https://t.co/J3a58I8qZr","2017-08-05 00:20:49"
893292991208710144,9,11,"Live https://t.co/oJIJW1zOPU @BDO_News #TeamEmmmmsie #SupportSmallStreamers @TwitchSharer @WE_RTs Back to the grind https://t.co/kgMN8jn5yV","2017-08-04 02:10:20"
893255812801581056,1,0,"@the_smartsister  https://t.co/VpbBV7lgyZ","2017-08-03 23:42:36"
893254586559082500,0,0,"@TeamEmmmmsie Hey haters your Jealousy is showing https://t.co/uZnpFj9lNE","2017-08-03 23:37:43"
892924363808415746,1,8,"Live https://t.co/oJIJW1zOPU @BDO_News #TeamEmmmmsie #SupportSmallStreamers @TwitchSharer @WE_RTs 57 Striker Pirate… https://t.co/YV5WIVgGoO","2017-08-03 01:45:32"
892902162526851072,2,0,"@xXIBAM_BAMIXx @InsomniLAD @BigPapa165 @Sidelinekiller @AshvauTweet  https://t.co/6i7UWmjInC","2017-08-03 00:17:19"
892888769657004032,1,0,"@WildWestMMO Where are we on the first alpha access know it's only Aug 3 but you did say the alpha was targeted for… https://t.co/BSRcXfCGPd","2017-08-02 23:24:06"
892565731807809536,14,13,"Live https://t.co/oJIJW1zOPU @BDO_News #TeamEmmmmsie #SupportSmallStreamers @TwitchSharer @WE_RTs Grind to 58 Pirat… https://t.co/sKuKFuSLwr","2017-08-02 02:00:28"
892049118092197889,6,3,"Level 1&amp;2 Sub emotes have been approved and they look good too lol Level 1 Hype Level 2 is Rage https://t.co/pLiVI0QGYT","2017-07-31 15:47:37"
891465938381529089,3,1,"No stream tonight everyone spending some qt with the wife have a great weekend everyone https://t.co/i75SQsfY7Y","2017-07-30 01:10:17"
891115806200930304,15,14,"Live https://t.co/oJIJW1zOPU @BDO_News #TeamEmmmmsie #SupportSmallStreamers @TwitchSharer @WE_RTs On that Grind to… https://t.co/8hroXtwlmC","2017-07-29 01:58:58"
891012948583489537,2,0,"@GameTechLV  https://t.co/6KDCgWmduH","2017-07-28 19:10:15"
891005502645301248,8,4,"#FF @birdyypwns @GameTechLV @itsMistr_G @Sidelinekiller @WiltGaming @TheREALDippin @PhitoNation @cory20201… https://t.co/osMkV96LIz","2017-07-28 18:40:40"
890928673498558465,3,0,"@cory20201 @AshvauTweet @armedpoop @armorladis062 @Funky_Flubber @GameTechLV @theofficialGBB @Storm_Fox23… https://t.co/geLLaXhfs8","2017-07-28 13:35:23"
890927805462130688,3,0,"@birdyypwns @PhitoNation @StryderOmega @Kaiohhai @TheREALDippin @cheddarmcdoogle @AshvauTweet @BigPapa165… https://t.co/chOQjtF1YA","2017-07-28 13:31:56"
890924252815347714,1,0,"@PhitoNation @AshvauTweet @BigPapa165 @Sidelinekiller @ShamBamXX @carmyab @WiltGaming @cbSeleste @do_principessa… https://t.co/KUPp2Yfucm","2017-07-28 13:17:49"
890753644014039044,9,16,"Live https://t.co/oJIJW1zOPU @BDO_News #TeamEmmmmsie #SupportSmallStreamers @TwitchSharer @WE_RTs Tunes and the Str… https://t.co/7puTDwlNmI","2017-07-28 01:59:52"
890732775644569600,1,0,"@birdyypwns @AshvauTweet @BigPapa165 @cheddarmcdoogle @CompEdgeGaming @Kaiohhai Thanks for the love fam https://t.co/dlzO98vD2t","2017-07-28 00:36:57"
890732076454031365,1,0,"@VectimusPrime Never fails bro","2017-07-28 00:34:10"
890713644031508480,1,0,"@cory20201 Happy Birthday Bro https://t.co/ZsVYimb5jr","2017-07-27 23:20:56"
890478181270130688,4,2,"@TwitchSupport I'm not seeing a jump but an inaccurate count on my twitch viewer stats even viewers actively chatti… https://t.co/3O8DueP70w","2017-07-27 07:45:17"
890474683879043072,12,8,"Thanks for the great night everyone thanks for the host @AshvauTweet @GameTechLV and Sly_god #TeamEmmmmsie… https://t.co/gmK88HhHgz","2017-07-27 07:31:23"
890392514108239872,19,26,"Live https://t.co/oJIJW1zOPU @BDO_News #TeamEmmmmsie #SupportSmallStreamers @TwitchSharer @WE_RTs On that Grind to… https://t.co/E9JrrLIyDn","2017-07-27 02:04:52"
890270097025138690,3,0,"@RealFBalderdash @AshvauTweet @battle734 @bigblue1184 @yedoc1991 You got it bro I did was perfectly prepared https://t.co/soIsIYes9C","2017-07-26 17:58:26"
890042070467059712,5,5,"Live https://t.co/oJIJW1zOPU @BDO_News #TeamEmmmmsie #SupportSmallStreamers @TwitchSharer @WE_RTs Hitting up that p… https://t.co/EDLLUpoDVv","2017-07-26 02:52:20"
890029401437597696,1,0,"@brosephstahlyn @AshvauTweet @BigPapa165 @Vikolakis1990 @Coop5656 @Tydriest @TwitchSharing Congrats bro https://t.co/7Rmw34SHyK","2017-07-26 02:01:59"
890029020859043844,0,0,"Running late everyone see you in about 30min https://t.co/Z6uRLUQXGe","2017-07-26 02:00:29"
889839897212854272,2,1,"Shout out the @The_Real_GMO for getting the host train going last night thanks for the support my man… https://t.co/wTLZ22uQcg","2017-07-25 13:28:58"
889747818285551616,5,0,"Awesome night thanks for the Hosts @AshvauTweet @Tydriest @FaizeMonster &amp; Bqckbacks and all the follows and bits fr… https://t.co/3gGkPgTMAo","2017-07-25 07:23:05"
889638903124291584,7,6,"Live https://t.co/oJIJW1zOPU @BDO_News #TeamEmmmmsie #SupportSmallStreamers @TwitchSharer @WE_RTs 56 Striker The Gr… https://t.co/0dfsQRRZiz","2017-07-25 00:10:17"
889570279332171777,0,0,"@punk4pres @TeamEmmmmsie @WildieBear @Mrsjuve128 @lll_EnRaGED_lll @MrsSleepybutt @YaBoiiLuigi @Th0rNd… https://t.co/4kYm4ZzBTy","2017-07-24 19:37:36"
889569092797177857,4,1,"@punk4pres @TeamEmmmmsie @WildieBear @Mrsjuve128 @lll_EnRaGED_lll @MrsSleepybutt @YaBoiiLuigi @Th0rNd… https://t.co/HU7dUPA8f3","2017-07-24 19:32:53"
889362233351950336,0,0,"@TheMeiBee My daughters fav she has to watch it at least once a day","2017-07-24 05:50:54"
889307664022482944,1,0,"@cory20201 Thanks man they seem to have it fixed. Usually take Sundays off but might do a late sneaky stream tonight to test out the net","2017-07-24 02:14:04"
888944790158675968,1,2,"Isp upload speed still to unstable to stream. If it fixes I'll do a late stream if not see everyone tmrw night. #TeamEmmmmsie","2017-07-23 02:12:08"
888574028570652673,1,3,"ISP Still working on their upload problem still jumping all over and killin my bitrate no stream tonight hope to se… https://t.co/s9XFMCELIM","2017-07-22 01:38:51"
888227471828463616,8,3,"No stream tonight everyone twitch servers won't let me and my ISP seems to be acting out as well miss you all try a… https://t.co/buGUlVUzvd","2017-07-21 02:41:46"
888224123796815872,0,0,"@NerdNerfer @TwitchSupport Had this happen about 2 months ago ran myself ragged trying to fix it was twitch just ha… https://t.co/qUo5B20czV","2017-07-21 02:28:28"
888223979340787712,0,0,"@NerdNerfer @TwitchSupport Yes that is what my OB's says the bitrate is sunning at and then of course I'm getting t… https://t.co/EMoJ3bdkpK","2017-07-21 02:27:53"
888221788731097088,0,0,"Well @TwitchSupport you haven't resolved the issue birate still jumping from 0 to 20000 second time in 2 months this has happened plz fix it","2017-07-21 02:19:11"
888219359629410305,4,7,"Live https://t.co/oJIJW1zOPU @BDO_News #TeamEmmmmsie #SupportSmallStreamers @TwitchSharer @WE_RTs LVL56 Striker Gri… https://t.co/hfQc1eG6qd","2017-07-21 02:09:32"
888012844079484928,0,0,"@TwitchSupport Yes please fix this I dropped over half my frames and was disconnected by twitch 3 times last night… https://t.co/xCCxu1MAXy","2017-07-20 12:28:55"
887855540612718592,10,8,"Live https://t.co/oJIJW1RpHs @BDO_News #TeamEmmmmsie #SupportSmallStreamers @TwitchSharer @WE_RTs lvl 56 Striker, S… https://t.co/bz8KzrX217","2017-07-20 02:03:51"
887501669168271360,6,10,"Live https://t.co/oJIJW1zOPU @BDO_News #TeamEmmmmsie #SupportSmallStreamers @TwitchSharer @WE_RTs Striker lvl 56 Qu… https://t.co/Wysx1tcCex","2017-07-19 02:37:41"
887489434593226756,5,4,"Daughter took a while to go to sleep tonight so the stream will start up about 30 min later than usual, see you soo… https://t.co/EUGN0r0Dk1","2017-07-19 01:49:04"
887397938045095940,4,0,"@Sidelinekiller @TeamEmmmmsie @AshvauTweet @BigPapa165 @Quick__hd Hell yeah!!! Congrats bro you deserve it. Made my… https://t.co/CWXBzDtFOY","2017-07-18 19:45:30"
886686292616105984,1,1,"@BigPapa165 @Sidelinekiller @cory20201 @battle734 @GameTechLV @birdyypwns @BumbleBlondie @ShamBamXX @Marcspar1… https://t.co/G3JthyXrjW","2017-07-16 20:37:40"
886685037407739905,1,0,"@BumbleBlondie @BigPapa165 @Sidelinekiller @cory20201 @battle734 @GameTechLV @birdyypwns @ShamBamXX @Marcspar1… https://t.co/ao3X8D58Ik","2017-07-16 20:32:41"
886683479559327745,18,6,"Hey everyone working on my pc today so won't be able to stop by your streams till later. Miss yo faces… https://t.co/L4x8t7fAOL","2017-07-16 20:26:29"
886661141828599808,1,0,"@BadAssSftballer Ah yeah https://t.co/mPtQQWhFGA","2017-07-16 18:57:44"
886355360977649665,7,2,"No stream tonight everyone family and friends showed up to surprise me for my birthday have a great evening everyone see ya soon","2017-07-15 22:42:40"
886044212277501952,9,12,"Live https://t.co/oJIJW1zOPU @BDO_News #TeamEmmmmsie #SupportSmallStreamers @TwitchSharer @WE_RTs Bday Stream 2nigh… https://t.co/P4ksNSJhpI","2017-07-15 02:06:16"
886014528907030529,0,0,"@PhitoNation Thanks bro been a great day so far https://t.co/0BImRHknMN","2017-07-15 00:08:19"
886014298979528705,0,0,"@warkeygaming_tv @HyperRTs Neva Eva lol thank for the love fam https://t.co/haTaDK2QDH","2017-07-15 00:07:24"
886013586295975936,0,0,"@birdyypwns Thank you!!!!","2017-07-15 00:04:34"
885993090867179520,2,1,"@Tibiryus Been epic so far thanks for the good vibes https://t.co/jzqUvjiJsD","2017-07-14 22:43:08"
885992675580796928,2,1,"@2015_muffins Thank you for the birthday wishes have a great day too!!! https://t.co/u4BTgDCV4c","2017-07-14 22:41:29"
885992381564284929,2,1,"@cory20201 Thanks man much appreciated. Can't thank you enough for all the support my man. You beautiful bastard you https://t.co/2v59ub3EdA","2017-07-14 22:40:19"
885991386914455553,0,0,"@MiikeGX Thanks for the love fam. Safe is my middle name lol now hold my beer https://t.co/DXG8Psj0Ns","2017-07-14 22:36:22"
885990551815954434,1,0,"@MrsSleepybutt Lmfao https://t.co/yWd8xKrdS6","2017-07-14 22:33:03"
885990358701703169,0,0,"@TheRealDarthMan @MrsSleepybutt Thanks bro","2017-07-14 22:32:17"
885990274966671361,2,0,"@TheBrandiBaby Thanks for the love https://t.co/lDcM7oRzM6","2017-07-14 22:31:57"
885989875727699970,0,0,"@Hey_Its_Fahl Thanks fam much appreciated https://t.co/QcV3Vf0YMm","2017-07-14 22:30:21"
885886537442918400,3,1,"@PhitoNation @FirzliciousOW @HeroicCaveman @rlittlee43 @A_chunky_FATkid @GamingDutchiess @0H5N4P @saltysquidtv… https://t.co/sQrde0kT06","2017-07-14 15:39:44"
885885411641438209,4,2,"@ShamBamXX @Eye_sixx @Sappedurshyt @oProve @AshvauTweet @BigPapa165 @xTheBear_ @TheMeiBee @TeamEmmmmsie @WildieBear… https://t.co/47y0HUiZcS","2017-07-14 15:35:15"
885884153874591745,4,1,"@BumbleBlondie @FallOutCh1ld @HarryKillsZombi @xAngeltjex @XxHolyCowxX @christine19766 @JessHudgel @Reeveoson Thank… https://t.co/qn7zrxgZVd","2017-07-14 15:30:15"
885805113876647936,4,5,"Can't wait to chill with everyone for my Bday see you tonight with more BDO https://t.co/oJIJW1zOPU #TeamEmmmmsie… https://t.co/JPmGJFK88L","2017-07-14 10:16:11"
885804318993076225,3,0,"Also special thanks to @cory20201 @ArmyJayTwitch @MoChickuna for the Birthday gifts totally blew me away you guys a… https://t.co/WbU05FqPaG","2017-07-14 10:13:01"
885803623090982912,3,0,"Thanks to everyone who came by tonight great way to start my Bday thx for the hosts @AshvauTweet @WiltGaming… https://t.co/TctjAmD6B5","2017-07-14 10:10:15"
885802989939765249,8,6,"What a night special thx to @AshvauTweet for the phatest host i've ever seen you are a true legend bro… https://t.co/XuwXexFvaK","2017-07-14 10:07:44"
885685850113056768,3,6,"Live https://t.co/oJIJW1RpHs @BDO_News #TeamEmmmmsie #SupportSmallStreamers @TwitchSharer @WE_RTs More of the Noob… https://t.co/hxAocNOrSE","2017-07-14 02:22:16"
885458558720126976,11,4,"Tonight was EPIC 2 many to thk so a huge THANK YOU 2 everyone who stopped by you're amazing see you tonight… https://t.co/87VjMgVIvE","2017-07-13 11:19:06"
885456673678270465,8,2,"Awesome night to many to list thx to Callmewhitethegoat @BumbleBlondie @outtaRehab @FaizeMonster for hosts… https://t.co/u1Cs4Q1Grm","2017-07-13 11:11:36"
885453117776691200,2,0,"@IIapexnineII Thanks for the love Fam and for coming and hanging out with us tonight https://t.co/qcrHHIhi0E","2017-07-13 10:57:28"
885322530751483904,6,6,"Live https://t.co/oJIJW1zOPU @BDO_News #TeamEmmmmsie #SupportSmallStreamers @TwitchSharer @WE_RTs Striker lvl 53 On… https://t.co/B0KI8E7mSg","2017-07-13 02:18:34"
885313891793854465,0,0,"Tonight's stream will start about 15 min late tonight everyone playing @BDO_News tonight more Striker lvl 53 grind https://t.co/TAgAX6B55T","2017-07-13 01:44:14"
885053263707611141,7,7,"Awesome Stream tonight thx for the host @AshvauTweet and thanks to everyone else you came by tonight had a great ti… https://t.co/28wYcIPzR0","2017-07-12 08:28:36"
884955652614967296,8,18,"Live https://t.co/oJIJW1zOPU @BDO_News #TeamEmmmmsie #SupportSmallStreamers @TwitchSharer @WE_RTs Noob Striker lvl… https://t.co/nI7ar1KX5O","2017-07-12 02:00:43"
884571209379217408,4,0,"@WildWestMMO Vid looks great can't wait to go bounty hunting @AshvauTweet @BigPapa165 @Khost79 @RealFBalderdash https://t.co/ysWWulXsei","2017-07-11 00:33:05"
884568469643157504,1,0,"@RealFBalderdash @WildWestMMO @AshvauTweet This whole thread is gold","2017-07-11 00:22:12"
883955398134333441,7,7,"What an awesome night thx for the games @BigPapa165 @Sidelinekiller @Khost79 &amp; thx for the Host Bombs @GameTechLV… https://t.co/QpZch2LaSD","2017-07-09 07:46:04"
883868347762343940,4,5,"Live https://t.co/oJIJW1zOPU #pubg @PUBGRetweet #TeamEmmmmsie #SupportSmallStreamers @TwitchSharer @WE_RTs Duo/Squa… https://t.co/tETMCKNSY2","2017-07-09 02:00:10"
883799073563836416,2,0,"@cory20201 @AshvauTweet @cbSeleste @BigPapa165 @GameTechLV @battle734 @Sidelinekiller @warkeygaming_tv @birdyypwns… https://t.co/7NemcRivUN","2017-07-08 21:24:53"
883795717793427458,6,0,"@AshvauTweet @cory20201 @cbSeleste @BigPapa165 @GameTechLV @battle734 @Sidelinekiller @warkeygaming_tv @birdyypwns… https://t.co/7ugCrkDGsl","2017-07-08 21:11:33"
883554903188267009,0,0,"@BigPapa165 @WildWestMMO @AshvauTweet Nope I'll just charge a bounty to take out my competition bwhahahahahaha https://t.co/AW6RsSuN6F","2017-07-08 05:14:39"
883554146334519296,0,0,"@WildWestMMO Done can't wait to see that gameplay having daydreams of robbing trains at this point @AshvauTweet @BigPapa165","2017-07-08 05:11:38"
883551128683773952,1,0,"@RealFBalderdash @AshvauTweet Thanks for the love my man https://t.co/XLeyEQrXzx","2017-07-08 04:59:39"
883511261547433984,11,13,"Live https://t.co/oJIJW1zOPU #pubg @PUBGRetweet #TeamEmmmmsie #SupportSmallStreamers @TwitchSharer @WE_RTs Friday N… https://t.co/P4wySdISrd","2017-07-08 02:21:14"
883509680403861506,2,2,"Running a lil late see you in about 15 https://t.co/XswsiPYFnb","2017-07-08 02:14:57"
883492466762100736,3,0,"@AshvauTweet @BigPapa165 @birdyypwns @cory20201 @GameTechLV @Sidelinekiller @battle734 @batmanjack11… https://t.co/GkJKoBcWsr","2017-07-08 01:06:33"
883382663322759168,7,2,"@do_principessa @mailman2kallday @AstroNemesisx @AshvauTweet @cheddarmcdoogle @ShiverMuramasa @Cho5en_Undead… https://t.co/E6EUN5kLhw","2017-07-07 17:50:14"
883382347256803329,2,1,"@do_principessa @icecrush7777 @AshvauTweet For sure had a great time hanging out https://t.co/qCc0JlRjX0","2017-07-07 17:48:58"
883369372147961856,1,1,"Intro Vid Ver2: https://t.co/NEOBSIlqzh via @YouTube","2017-07-07 16:57:25"
883199931850379264,8,1,"Awesome stream tonight thanks for the host and the support @AshvauTweet @battle734 see everyone tmrw #TeamEmmmmsie… https://t.co/McIaTsffuL","2017-07-07 05:44:07"
883176134531264513,5,6,"Switching over to #pubg https://t.co/oJIJW1zOPU #pubg @PUBGRetweet #TeamEmmmmsie #SupportSmallStreamers… https://t.co/uQXlGRUQip","2017-07-07 04:09:33"
883163307452092416,2,1,"@AshvauTweet @WildWestMMO @mrwoodie345 Gonna be epic https://t.co/mSJxOeLiWc","2017-07-07 03:18:35"
883143688217669634,14,18,"Live https://t.co/oJIJW1zOPU @WorldofWarships #TeamEmmmmsie #SupportSmallStreamers @TwitchSharer @WE_RTs You sunk m… https://t.co/MnPtEN6qCR","2017-07-07 02:00:37"
883128654041145344,2,1,"@AshvauTweet @WorldofWarships @TwitchSharer @WE_RTs @BigPapa165 @birdyypwns @battle734 @batmanjack11 @cory20201… https://t.co/sO5lD3U6eH","2017-07-07 01:00:53"
883084352221061120,1,1,"Playing @WorldofWarships tonight 9p cst with the crew #TeamEmmmmise #SupportSmallStreamers https://t.co/oJIJW1zOPU https://t.co/4JINdoWkkB","2017-07-06 22:04:51"
883071838917677058,1,0,"@Sidelinekiller @BigPapa165 @AshvauTweet  https://t.co/PUC5i1QiXH","2017-07-06 21:15:07"
882869880726409217,1,0,"https://t.co/IyJXtgUUdZ","2017-07-06 07:52:37"
882764879752572928,5,8,"Live https://t.co/oJIJW1zOPU #pubg @PUBGRetweet #TeamEmmmmsie #SupportSmallStreamers @TwitchSharer @WE_RTs Lets get… https://t.co/P1aIkJBcOf","2017-07-06 00:55:22"
882439195813433344,5,7,"Live https://t.co/oJIJW1zOPU @WorldofWarships #TeamEmmmmsie #SupportSmallStreamers @TwitchSharer @WE_RTs Happy… https://t.co/hqeiPLGm3R","2017-07-05 03:21:13"
882406065324916736,1,2,"Stream will start late tonight due to the holiday. We will be playing @WorldofWarships cause what else says… https://t.co/YSFNbqSrmf","2017-07-05 01:09:34"
882035840771403776,2,0,"@TeamEmmmmsie @AshvauTweet 
@battle734
@cory20201 
@GameTechLV 
@Sidelinekiller https://t.co/D93GfhReUQ","2017-07-04 00:38:26"
880968045879062528,10,12,"Live https://t.co/oJIJW1zOPU #pubg @PUBGRetweet #TeamEmmmmsie #SupportSmallStreamers @TwitchSharer @WE_RTs Friday N… https://t.co/SFMJgoznq5","2017-07-01 01:55:24"
880955530122022913,0,1,"The UMP is a beast #twitchclips @Lonely_Dag https://t.co/5SMjZCmmQD","2017-07-01 01:05:40"
880948985908932609,0,0,"What just Happened #twitchclips @Lonely_Dag https://t.co/byxNgzGEs0","2017-07-01 00:39:40"
880941631184273409,1,0,"@GameTechLV @cory20201 Lmfao hope your feeling better @cory20201 @GameTechLV now that's funny","2017-07-01 00:10:26"
880940361102876673,2,0,"@ShamBamXX @TeamEmmmmsie @BigPapa165 @AshvauTweet @Sappedurshyt @Mundomerchant @ZaPpy3385  https://t.co/KbtTLMDEAv","2017-07-01 00:05:23"
880606798511845376,4,8,"Live https://t.co/oJIJW1zOPU #pubg @PUBGRetweet #TeamEmmmmsie #SupportSmallStreamers @TwitchSharer @WE_RTs It's Pat… https://t.co/G5icpMt5hM","2017-06-30 01:59:56"
880574300100726786,1,0,"@AshvauTweet  https://t.co/m1wHDAepTi","2017-06-29 23:50:48"
880529679542890497,3,0,"@TeamEmmmmsie Thank you couldn't believe it when I got the email and now the sub buttons been crazy Thank you for c… https://t.co/1IBOOKUtRE","2017-06-29 20:53:29"
880529160833314817,1,0,"@Sidelinekiller @AshvauTweet  https://t.co/whbMwYnsWg","2017-06-29 20:51:26"
880243336887623681,12,14,"Live https://t.co/oJIJW1zOPU #pubg @PUBGRetweet #TeamEmmmmsie #SupportSmallStreamers @TwitchSharer @WE_RTs… https://t.co/2iOS4OFgt1","2017-06-29 01:55:40"
879991077629030401,2,1,"@BumbleBlondie @batmanjack11 @PUBGRetweet @TwitchSharer @AshvauTweet @cory20201 @BigPapa165 @ttbcriger @battle734… https://t.co/vpJXHYAd7J","2017-06-28 09:13:17"
879881015455600640,4,0,"@batmanjack11 @PUBGRetweet @TwitchSharer @WE_RTs @AshvauTweet @cory20201 @BigPapa165 @BumbleBlondie @ttbcriger… https://t.co/yprjpnuz87","2017-06-28 01:55:56"
879880418077618177,17,16,"Live https://t.co/oJIJW1zOPU #pubg @PUBGRetweet #TeamEmmmmsie #SupportSmallStreamers @TwitchSharer @WE_RTs… https://t.co/pBgrro6EDU","2017-06-28 01:53:33"
879824058828943360,2,0,"@XxHolyCowxX @BumbleBlondie  https://t.co/1e0DqH39w5","2017-06-27 22:09:36"
879811149075795971,0,0,"@AshvauTweet HTFU we got chicken dinners to serve","2017-06-27 21:18:18"
879807080839999488,1,0,"@Sidelinekiller Thanks man really appreciate that. Happy to do it brother let's get you that #twitchaffiliate","2017-06-27 21:02:08"
879116795210289154,0,0,"@Quick__hd For sure man have a great stream","2017-06-25 23:19:11"
878807501432598530,2,4,"Ok #pubg it is lets go chicken huntin https://t.co/oJIJW1zOPU @PUBGRetweet #TeamEmmmmsie #SupportSmallStreamers… https://t.co/n65IQhD9sB","2017-06-25 02:50:10"
878792673036992512,9,14,"Live https://t.co/oJIJW1zOPU @survivetheark #TeamEmmmmsie #SupportSmallStreamers @TwitchSharer @WE_RTs Let's go to… https://t.co/XxSYlGRuc2","2017-06-25 01:51:15"
878772546837127169,2,1,"@BigPapa165 @ashvau @Khost79 Lol that clip is pure comedy gold","2017-06-25 00:31:16"
878770885733306369,4,2,"PUBG Friday Night Team Massacre #twitchclips @Lonely_Dag https://t.co/RvTKStQPgS @ashvau @bigpapa165 @khost79","2017-06-25 00:24:40"
878526843909005312,1,0,"@armedpoop Yeah it's the worst https://t.co/YH3ukB9eZ4","2017-06-24 08:14:56"
878516093660393473,3,2,"Who needs guns when you have an Uaz?? @ashvau @bigpapa165 @khost79 [TeEm] #twitchclips @Lonely_Dag https://t.co/1BwvmNQo0z #hilarious","2017-06-24 07:32:13"
878467876704980992,2,2,"Mmmmmmm so good @AshvauTweet @BigPapa165 @Khost79 https://t.co/6kx3WeDliS","2017-06-24 04:20:37"
878432904224878592,2,1,"Live https://t.co/oJIJW1zOPU #pubg @PUBGRetweet #TeamEmmmmsie #SupportSmallStreamers @TwitchSharer @WE_RTs… https://t.co/OR9VtK7iPu","2017-06-24 02:01:39"
878420570030911488,1,1,"@AshvauTweet @TwitchSharer @WE_RTs @PUBGRetweet For sure brother happy to do it https://t.co/owDaFgQf6E","2017-06-24 01:12:38"
878415636422168576,3,2,"Huge Thanks to @Khost79 for sending a copy of @survivetheark looking forward to checking it out with ya brother!!… https://t.co/yhxn18WzrW","2017-06-24 00:53:02"
878295713330987011,1,0,"@Sidelinekiller @AshvauTweet @BigPapa165 @cory20201 @battle734 @ttbcriger @itsMistr_G @Khost79 @spocgames @TheDooth… https://t.co/fPuB3FHKs8","2017-06-23 16:56:30"
878289248075399169,1,0,"@LethalMissX Thank you","2017-06-23 16:30:49"
878245110193954816,1,1,"@AshvauTweet @BigPapa165 @Khost79 @ttbcriger @birdyypwns @GameTechLV @battle734 Lmfao Thanks bro","2017-06-23 13:35:25"
878168230476611584,5,3,"I just wanted to thank everyone who has supported me though this journey to #twitchaffiliate I couldn't done it wit… https://t.co/5DmPEEj0at","2017-06-23 08:29:56"
878167672395051008,20,20,"An awesome night thanks to everyone who stopped by for my first #twitchaffiliate stream was awesome!! #TeamEmmmmsie… https://t.co/iXuvopfpJD","2017-06-23 08:27:43"
878145009354067970,9,7,"Switching over to Shadow of Mordor for some Orc hunting https://t.co/oJIJW1RpHs #TeamEmmmmsie… https://t.co/wymxQ9Chv7","2017-06-23 06:57:40"
878084907506868224,5,4,"Live https://t.co/oJIJW1RpHs Striker Noob @BDO_News #TeamEmmmmsie #SupportSmallStreamers @TwitchSharer @WE_RTs 1st… https://t.co/VnAYHu0QGP","2017-06-23 02:58:50"
878073227867594754,2,3,"Setting up affiliate had own battles just got it all setup be live in about 20 https://t.co/oJIJW1RpHs #TeamEmmmmise #SupportSmallStreamers","2017-06-23 02:12:25"
878071020216659968,2,0,"@AshvauTweet @BigPapa165 @cory20201 @battle734 @ttbcriger @itsMistr_G @Khost79 @spocgames @TheDooth Thanks everybod… https://t.co/TwSCCKh4iA","2017-06-23 02:03:39"
878048786219757568,1,0,"@ttbcriger @AshvauTweet @BigPapa165 @cory20201 @battle734 @itsMistr_G @Khost79 @spocgames @TheDooth  https://t.co/62PKHDibbx","2017-06-23 00:35:18"
878046571283193857,24,9,"Pumped for 2night stream 1st as #twitchaffiliate #SupportSmallerStreamers #TeamEmmmmmsie https://t.co/oJIJW1RpHs Th… https://t.co/fRcJnVCNBT","2017-06-23 00:26:30"
878008400482779136,1,0,"@AshvauTweet Right would have done it too","2017-06-22 21:54:49"
877987850880299009,1,0,"@AshvauTweet @BigPapa165 @birdyypwns Thanks and gratz to @BigPapa165 @birdyypwns","2017-06-22 20:33:10"
877979338259312640,14,7,"We finally got affiliated thanks so much to everyone for all your support See you all tonight for the first affilia… https://t.co/5yfdHz2H46","2017-06-22 19:59:20"
877755673102106624,1,0,"@AshvauTweet @BigPapa165 @awezome1324 @GameTechLV  https://t.co/uJq65qGSY9","2017-06-22 05:10:35"
877715715771465728,7,3,"Live https://t.co/oJIJW1zOPU #pubg @PUBGRetweet #TeamEmmmmsie #SupportSmallStreamers @TwitchSharer @WE_RTs A lil la… https://t.co/lQyZ9qOOsp","2017-06-22 02:31:48"
877710276019146753,0,1,"Running late everyone see you in about 15","2017-06-22 02:10:11"
877344473654714368,6,8,"Come watch the Bad News Bears https://t.co/wsSBwvOLZL #pubg @PUBGRetweet #TeamEmmmmsie #SupportSmallStreamers… https://t.co/p7rlMjV0if","2017-06-21 01:56:37"
877333794646130688,3,8,"Live https://t.co/oJIJW1RpHs #pubg @PUBGRetweet #TeamEmmmmsie #SupportSmallStreamers @TwitchSharer @WE_RTs Tango,Ro… https://t.co/d1ZgnJdHij","2017-06-21 01:14:11"
877276712379265024,1,0,"@AshvauTweet @BigPapa165 @Khost79 @ShamBamXX @cory20201  https://t.co/FdzjYrY8bN","2017-06-20 21:27:21"
876297180432216064,1,5,"Switching over to some PUBG Live https://t.co/oJIJW1zOPU #pubg @PUBGRetweet #TeamEmmmmsie #SupportSmallStreamers… https://t.co/JOQmVGo6zQ","2017-06-18 04:35:03"
876259562667610114,8,9,"Live https://t.co/oJIJW1zOPU Playing Black Desert lvl49 Striker  @BDO_News #TeamEmmmmsie #SupportSmallStreamers… https://t.co/GVfb5SWycQ","2017-06-18 02:05:34"
876184386370228224,1,0,"@JoshOG Careful you may go blind if you play with it to much","2017-06-17 21:06:51"
876182513990893569,1,2,"Playing @BDO_News  tonight Grind w/Striker Tunes &amp; friends see ya 9cst https://t.co/oJIJW1zOPU #TeamEmmmmise… https://t.co/TwwKXK4GqW","2017-06-17 20:59:24"
875892595750252544,12,14,"Live https://t.co/oJIJW1zOPU #pubg @PUBGRetweet #TeamEmmmmsie #SupportSmallStreamers @TwitchSharer @WE_RTs Friday n… https://t.co/Jgr74JOCdL","2017-06-17 01:47:22"
875796614333509632,2,0,"@DrunkenTenshi @B_Reichling17 @Robodragon1 @karlembo @mailman2kallday @musicgamer460 @PS4girlies88 @StylussGaming… https://t.co/Lh9kMt6ooX","2017-06-16 19:25:59"
875626207714304000,1,0,"@AshvauTweet @WildWestMMO Yeah think I'm gonna have to do the same it looks so good. It's gonna be a blast to stream","2017-06-16 08:08:50"
875613116989554688,2,0,"If you like westerns go check out @WildWestMMO really thinking about getting in on the early birds pre-order. What… https://t.co/lxlEgAiTkU","2017-06-16 07:16:49"
875578899790417921,4,2,"Awesome stream tonight everyone we hit 200 followers!!! Gonna do something special soon to celebrate. GG's… https://t.co/BMQ1z69Fih","2017-06-16 05:00:51"
875528403499327488,4,3,"Live https://t.co/oJIJW1zOPU #pubg @PUBGRetweet #TeamEmmmmsie #SupportSmallStreamers @TwitchSharer @WE_RTs Dinner D… https://t.co/TtF5pz27xy","2017-06-16 01:40:12"
875518409529753602,2,0,"Dude that GIF is the best https://t.co/nPTDZpSORm","2017-06-16 01:00:29"
875344055244386304,2,0,"@AshvauTweet @BigPapa165 @AshvauTweet @Lonely_Dag @BigPapa165 feelsbadman But yes it's gonna be EPIC!!! Got all my… https://t.co/ebw0S7mpQL","2017-06-15 13:27:40"
875176593777405952,7,13,"Live https://t.co/oJIJW1zOPU #pubg @PUBGRetweet #TeamEmmmmsie #SupportSmallStreamers @TwitchSharer @WE_RTs https://t.co/UZQhAge0Am","2017-06-15 02:22:14"
875124177770086401,0,0,"@BigPapa165 Lmao #strongshoulders","2017-06-14 22:53:57"
874908469215858692,0,0,"@BigPapa165 Our chicken dinner #pubg https://t.co/NkV6szWBz2","2017-06-14 08:36:48"
874904369543745538,6,5,"Awesome stream tonight thx 4 the host @ttbcriger @ShamBamXX @batmanjack11 @GameTechLV you guys rock #TeamEmmmmsie… https://t.co/b7GoRCHuMg","2017-06-14 08:20:31"
874841284548202497,1,0,"@ttbcriger All good thanks for hosting and hanging out","2017-06-14 04:09:50"
874812448527843329,6,5,"Live https://t.co/oJIJW1zOPU #pubg @PUBGRetweet #TeamEmmmmsie #SupportSmallStreamers @TwitchSharer @WE_RTs O Waiter… https://t.co/q00HgaTlzf","2017-06-14 02:15:15"
874408947536592896,1,0,"@Sidelinekiller thanks for the love fam https://t.co/BHAS9UUTNo","2017-06-12 23:31:53"
874147378495926273,0,0,"I just picked up free graphics for my stream -  https://t.co/cNZjJuxsC7 via @TwitchOverlay","2017-06-12 06:12:30"
873762183854870529,3,6,"Felt like a lil #pubg https://t.co/oJIJW1zOPU @PUBGRetweet #TeamEmmmmsie #SupportSmallStreamers @TwitchSharer… https://t.co/CcYSI1DJRc","2017-06-11 04:41:53"
873723515941388292,6,7,"Live https://t.co/oJIJW1zOPU Playing Black Desert lvl49 Striker  @BDO_News #TeamEmmmmsie #SupportSmallStreamers… https://t.co/qK1EGKfsF7","2017-06-11 02:08:13"
873416195713773568,1,2,"Switching over to #BlackDesertOnline @BDO_News https://t.co/oJIJW1zOPU   #TeamEmmmmsie #SupportSmallStreamers… https://t.co/PQctR79lg1","2017-06-10 05:47:03"
873361005639868416,5,8,"Live https://t.co/oJIJW1zOPU @PUBATTLEGROUNDS #TeamEmmmmsie #SupportSmallStreamers @TwitchSharer @WE_RTs Friday Nig… https://t.co/7lfLPcthuJ","2017-06-10 02:07:44"
873292579110080513,2,0,"@Rob_is_Araxus @Chukkaque @StylussGaming @krazyskaterkid @QuincyStarFox @do_principessa @VerbatimT_ @Azeriath… https://t.co/74lsLqQOEl","2017-06-09 21:35:50"
872991262810550273,2,3,"Live https://t.co/oJIJW1zOPU #pubg @PUBATTLEGROUNDS #TeamEmmmmsie #SupportSmallStreamers @TwitchSharer @WE_RTs Guns… https://t.co/cu00r8l0EU","2017-06-09 01:38:31"
872636606305447940,10,16,"Live https://t.co/oJIJW1zOPU #PUBG squads #TeamEmmmmsie #SupportSmallStreamers @TwitchSharer @WE_RTs Chicken served… https://t.co/8Wg2LDVGaJ","2017-06-08 02:09:14"
872268290676207617,4,3,"Spending some time with fam past broadcast of @Diablo WD S10 showing tonight https://t.co/oJIJW1zOPU #TeamEmmmmsie #SupportSmallStreamers","2017-06-07 01:45:41"
871147463607951361,0,0,"Daughters first bday was today had all the fam over was amazing. But I am exhausted so no stream tonight planning… https://t.co/zF0zvXkpWp","2017-06-03 23:31:55"
870825830670245889,6,6,"Live https://t.co/oJIJW1RpHs #pubg @PUBATTLEGROUNDS #TeamEmmmmsie #SupportSmallStreamers @TwitchSharer @WE_RTs Frid… https://t.co/7P33nXvlFu","2017-06-03 02:13:51"
870818346626719745,1,0,"Come watch @Ashvautweet while they play PLAYERUNKNOWN'S BATTLEGROUNDS on Twitch! https://t.co/JwcFZDvqjR","2017-06-03 01:44:07"
870712654020526085,0,0,"@BigPapa165 @AshvauTweet @Khost79 lmao","2017-06-02 18:44:08"
870659234102337536,1,0,"@BigPapa165 @AshvauTweet @Khost79 we got you bro https://t.co/fQHR6CseqO","2017-06-02 15:11:52"
870577548618473473,0,0,"@ShamBamXX hope she has a speedy recovery we'll miss ya fam","2017-06-02 09:47:16"
870459524594802688,4,3,"Live https://t.co/oJIJW1RpHs #pubg @PUBATTLEGROUNDS Squads !multi !songrequest #TeamEmmmmsie #SupportSmallStreamers… https://t.co/ifvuRaQ6Q8","2017-06-02 01:58:17"
870150998542635008,9,8,"Great night @AshvauTweet @BigPapa165 Thanks @cory20201 for the first donation and the host bomb #TeamEmmmmsie… https://t.co/HtKbX4mEYy","2017-06-01 05:32:19"
870099858140446720,1,3,"Live https://t.co/nUfTovmyHP sqauds #TeamEmmmmsie #SupportSmallStreamers @TwitchSharer @WE_RTs Lets get that dinner… https://t.co/Tp1QJfDX7c","2017-06-01 02:09:06"
870073062888165377,3,1,"My man @batmanjack11 live with #pubg show some love he's only 9 follow from 50 but I think #TeamEmmmmsie can get 10… https://t.co/dSAlYbzxAz","2017-06-01 00:22:38"
869734476582051841,6,7,"Live https://t.co/oJIJW1RpHs #pubg @PUBATTLEGROUNDS #TeamEmmmmsie #SupportSmallStreamers @TwitchSharer @WE_RTs Who… https://t.co/2auoFBNPdK","2017-05-31 01:57:12"
869296802494894080,1,1,"TEAMWORKS!! https://t.co/7oExRL3SfW @AshvauTweet","2017-05-29 20:58:03"
869289984997691392,0,0,"@cory20201 @AshvauTweet hahahahahaha ha ha HAA lol Good one you gonna be on #pubg tonight @cory20201? https://t.co/QIAX2G9h4V","2017-05-29 20:30:57"
868651535500234752,2,1,"Live https://t.co/oJIJW1zOPU  #pubg  @PUBATTLEGROUNDS #TeamEmmmmsie #SupportSmallStreamers @TwitchSharer @WE_RTs Hu… https://t.co/urqpjw0gAs","2017-05-28 02:13:59"
868477571163459585,0,0,"@cory20201 @AshvauTweet @BigPapa165 I'm down I'm sure the guys will probably be up for a few matches tonight","2017-05-27 14:42:43"
868348062493704192,6,5,"Epic stream yall thx for the games @AshvauTweet @cory20201 @BigPapa165 see everyone tmrw #pubg… https://t.co/T9v0TZtzm5","2017-05-27 06:08:05"
868303781821374465,3,3,"Bad News Bears coming at you with a multistream! https://t.co/bh6y7NeqUM #TeamEmmmmsie #Supportsmallstreamers https://t.co/cFGCIpmpNU","2017-05-27 03:12:08"
868293343750606849,3,4,"Live https://t.co/oJIJW1zOPU #pubg  @PUBATTLEGROUNDS #TeamEmmmmsie #SupportSmallStreamers @TwitchSharer @WE_RTs  BW… https://t.co/pvdKnHPU5p","2017-05-27 02:30:39"
867921642730782721,2,1,"Live https://t.co/oJIJW1zOPU @PUBATTLEGROUNDS #pubg Chicken its whats for dinner!! #SupportSmallStreamers… https://t.co/7ggFk2cKqa","2017-05-26 01:53:39"
867830337132519424,8,1,"Great AM stream with some @Diablo Necro Beta @PUBATTLEGROUNDS later tonight https://t.co/oJIJW1zOPU Lets get us som… https://t.co/jqkhkXVWZr","2017-05-25 19:50:50"
867773478614704129,6,9,"Live https://t.co/oJIJW1RpHs @Diablo Necro Beta Boneshaw is READY  #TeamEmmmmsie #SupportSmallStreamers… https://t.co/Nz7n8r5s4a","2017-05-25 16:04:54"
867601532392493056,9,6,"Got that dinner baby ggs @AshvauTweet @BigPapa165 @cory20201 lets get us another tomorrow #SupportSmallStreamers… https://t.co/7bpo4aPQC0","2017-05-25 04:41:39"
867556416264994816,2,2,"Live https://t.co/oJIJW1zOPU @PUBATTLEGROUNDS #pubg lets get some chicken  #TeamEmmmmsie #SupportSmallStreamers @TwitchSharer @WE_RTs","2017-05-25 01:42:22"
867480570342887425,1,0,"@Diablo @TwitchSharer @WE_RTs lol Right I typed in Necromancer in the GIF search was the first option had to pick it","2017-05-24 20:40:59"
867434237837889536,34,21,"Live https://t.co/oJIJW1zOPU @Diablo Necro Beta Access Just got Access today  #TeamEmmmmsie #SupportSmallStreamers… https://t.co/K68fE44Fjp","2017-05-24 17:36:53"
867403668844314624,1,0,"Still downloading a few things for today's stream see you all at about noon cst https://t.co/qJgpjmxLuW","2017-05-24 15:35:24"
867380443498393600,0,0,"Well I know what we are doing today see you all in a bit https://t.co/oJIJW1zOPU https://t.co/yVBf6UDF8S","2017-05-24 14:03:07"
867196726960148480,3,3,"Live https://t.co/oJIJW1zOPU #pubg @PUBATTLEGROUNDS Who knew chicken was this dangerous? #TeamEmmmmsie… https://t.co/uOvXGN9SRM","2017-05-24 01:53:06"
867112731048128513,1,1,"Awesome AM stream see everyone tonight https://t.co/oJIJW1zOPU #pubg #TeamEmmmmise #SupportSmallStreamers Feels so… https://t.co/W5HZG16KPV","2017-05-23 20:19:19"
867049404947103744,1,4,"Live https://t.co/oJIJW1zOPU #pubg Cluck Cluck and a Cock a doodle do to you #TeamEmmmmsie #SupportSmallStreamers… https://t.co/nJdARPHMGc","2017-05-23 16:07:41"
866070876437061633,1,1,"Nasty storms moving through my area today making net hit or miss so no stream have a great evening everyone. https://t.co/aZXm9kOFUe","2017-05-20 23:19:22"
866039899455139842,1,0,"@AshvauTweet @cory20201 @GameTechLV @TheDooth @ttbcriger @battle734 @BigPapa165 For life https://t.co/n8MvueryYh","2017-05-20 21:16:16"
865751917221343232,5,4,"Live https://t.co/oJIJW1zOPU @PUBATTLEGROUNDS lets fry up some yard bird  #TeamEmmmmsie #SupportSmallStreamers… https://t.co/7ARllGVN71","2017-05-20 02:11:56"
865394269758013440,1,0,"Thanks for the love Fam https://t.co/crPiOIRCYm","2017-05-19 02:30:46"
864669273024860162,3,4,"Going Live https://t.co/oJIJW1zOPU @ForHonorGame Centurion #TeamEmmmmsie #SupportSmallStreamers @TwitchSharer… https://t.co/AE19zjtJwW","2017-05-17 02:29:54"
864661736963571716,3,5,"@spocgames is live go support your fellow streamer follow 4 follow &amp; an awesome place to hang out w/one awesome dud… https://t.co/r83WohbMzs","2017-05-17 01:59:57"
864535929112993793,1,3,"@ForHonorGame wont launch so @StellarisGame it is Trying out for the first time https://t.co/oJIJW1zOPU #SupportSmallStreamers #TeamEmmmmsie","2017-05-16 17:40:02"
864515391351029765,2,7,"Live @ForHonorGame New PC,Centurion gonna be a good day! https://t.co/s9aIsJGqYb #TeamEmmmmsie #SupportSmallStreamers @TwitchSharer @WE_RTs","2017-05-16 16:18:25"
864351751926816772,0,1,"Bad News Bears Got that Dinner Awesome games tonight @AshvauTweet see you tomorrow with some @ForHonorGame… https://t.co/PmUxQEpr2W","2017-05-16 05:28:11"
863894010359885824,1,0,"@ShamBamXX happy Mother's Day!!","2017-05-14 23:09:17"
863892460799504384,4,5,"CPU Had died on us. But to survive is to endure and prosper. And we most certainly survived. See you all 5.16… https://t.co/vmeT6KnKUP","2017-05-14 23:03:07"
863079427210694656,1,0,"@tonyruz10 go some reason I started to get encoding errors with OBS tried xsplit still an unstable stream","2017-05-12 17:12:25"
863079210092552193,0,0,"@tonyruz10 what do you having going on with twitch I all of a sudden can't stream to twitch as off like Tuesday this week.","2017-05-12 17:11:33"
862755052284456961,1,0,"1070 Installed ain't she purty dwnldin drivers and running tests hope to see you tonight may RNG be with me #pubg… https://t.co/CB2NryDC6O","2017-05-11 19:43:28"
862550273201504257,1,0,"@Marcspar1 For sure they are very proud of that thing but should be to be fair lol","2017-05-11 06:09:45"
862547423184474112,0,0,"@Marcspar1 Yeah for sure very happy to have it it was a Radeon R9 285x","2017-05-11 05:58:25"
862546606834552832,0,0,"@Marcspar1 Yeah me too would have loved to get that but mine died on me tonight so 1070 it is","2017-05-11 05:55:11"
862538333997723650,1,0,"Hey everyone we got our new GPU!!! will be installing it tmrw so probably no AM stream  will do my best to be here… https://t.co/JdQg1Eo3qd","2017-05-11 05:22:18"
862494059268644864,1,0,"Computer Issues tonight see you in the morning for some @darksiders https://t.co/oJIJW1zOPU #Teamemmmmsie… https://t.co/530nsGMjNP","2017-05-11 02:26:22"
862477166558277632,1,3,"Live #pubg Bad News Bears Squad is on the hunt for that chicken https://t.co/oJIJW1zOPU #Teamemmmsie… https://t.co/lgfCFSl3Dp","2017-05-11 01:19:15"
862398923020931073,1,0,"@AshvauTweet @Streamlabsdev @StreamlabsHQ Issues with Follower alert @StreamlabsHQ a few will work then will stop a… https://t.co/3gRkuppbdx","2017-05-10 20:08:20"
862394542166822913,2,1,"Go hang out with @butcher_ball_10 https://t.co/UF96XwH0JO and watch him wreck @PaladinsGame #SupportSmallStreamers… https://t.co/j1626aVzvz","2017-05-10 19:50:56"
862379727805403136,2,1,"Win some u lose some see you all tonight 8pCST https://t.co/oJIJW1zOPU #pubg #TeamEmmmmsie #SupportSmallStreamers B… https://t.co/Enn1EWHJxn","2017-05-10 18:52:04"
862367201524940803,1,0,"Taking a break to let @BDO_News download be back as soon as it's done sorry Darksiders just wouldn't load up today… https://t.co/9o4ivB4XJY","2017-05-10 18:02:17"
862350527501406208,1,6,"Live and trying to decide what to play https://t.co/oJIJW1zOPU #TeamEmmmmsie #SupportSmallStreamers https://t.co/MZ5G7UwObl","2017-05-10 16:56:02"
862336523957612548,2,4,"See everyone in 15 with @darksiders 2 https://t.co/oJIJW1zOPU #SupportSmallStreamers #TeamEmmmmsie just gotta get the vape rebuilt first","2017-05-10 16:00:23"
862312111963353091,0,1,"Stream starting at 11 cst today see ya then https://t.co/oJIJW1zOPU","2017-05-10 14:23:23"
862183985606258688,5,6,"Epic night @AshvauTweet @SBarnes80 #pubg #TeamEmmmmsie #SupportSmallStreamers Bad News Bears Squad will ride again… https://t.co/6rNgu8pNoi","2017-05-10 05:54:15"
862117205424701442,2,1,"Live #pubg it's squad time BABY!!! get that Chicken https://t.co/oJIJW1zOPU https://t.co/xKbODyshzo #TeamEmmmmsie… https://t.co/tlOlMob9Rg","2017-05-10 01:28:53"
862111853211779073,3,4,"@ShamBamXX is live #pubg Go throw those bittys back her in face https://t.co/UxeyuIt1ni #SupportSmallStreamers… https://t.co/ueLQcLme0w","2017-05-10 01:07:37"
862111205430874114,2,2,"My man @AshvauTweet is live #pubg https://t.co/xKbODyshzo go hang out show some love #TwitchAffiliatet… https://t.co/N6VntHNKxW","2017-05-10 01:05:03"
862108645361897473,0,0,"Dawi, Legendary, No Mods, How I lost my Twitchginity: https://t.co/GRD2RRfLyi via @YouTube","2017-05-10 00:54:52"
862088367558852608,1,3,"Go #SupportSmallStreamers and hang out at https://t.co/fAhmlyj3K7 @ 8pm EST tonight show some love and get some lov… https://t.co/azpycngQ2D","2017-05-09 23:34:18"
862087519705473027,0,1,"@ShamBamXX Thanks for the love @ShamBamXX make sure you all go check her out on https://t.co/UxeyuIt1ni #SupportSmallStreamers #TeamEmmmmsie","2017-05-09 23:30:56"
862069046463823877,1,0,"Go hang out with Cmmdr Spoc on twitch and support your fellow streamer https://t.co/fAhmlyj3K7  he's on @ 8pm EST T… https://t.co/4McDbm8j2S","2017-05-09 22:17:31"
862067905999011841,6,8,"Awesome day stream in the books see u 8pm CST for some #pubg https://t.co/sz9FNSR36E #TeamEmmmmsie… https://t.co/f1Pw5BddZ3","2017-05-09 22:12:59"
861990380677586945,14,13,"Live Now!! https://t.co/oJIJW1zOPU @darksiders 2 #TeamEmmmmsie #SupportSmallStreamers #pubg later when the rest of the Bad News Bears get on","2017-05-09 17:04:56"
861981398340653056,1,0,"Wow ok Hey everyone see you in about 30 11mo old equals anything can happen #Dadlife","2017-05-09 16:29:14"
861939523554607104,0,0,"Mornin stream will start ~11.30a with some @darksiders 2 see you then","2017-05-09 13:42:51"
861749316045725696,4,1,"Hey everyone go hang out on https://t.co/fAhmlyj3K7 and support your fellow streamer #TeamEmmmmsie #SupportSmallStreamers","2017-05-09 01:07:02"
861714398838239232,1,0,"That's what I'm talking bout! That's awesome brother you deserve it Congrats!!! https://t.co/vL5hD8E6Ay","2017-05-08 22:48:17"
861370710677086208,1,0,"@Mundomerchant Thanks for the love @Mundomerchant so happy to apart of such a great group of ppl","2017-05-08 00:02:35"
861323259505250305,0,0,"@AshvauTweet @darksiders YEP!","2017-05-07 20:54:02"
861318610664468480,4,4,"Awesome stream with @darksiders 2 thanks for hangin out @AshvauTweet &amp; the tunes back on Tues #TeamEmmmmsie… https://t.co/4tIXYLNNQ8","2017-05-07 20:35:33"
861240726637641730,5,5,"Live with @darksiders 2 Definitive Edish to celebrate DS3 announcement excited to play this game again… https://t.co/meHHp88tzm","2017-05-07 15:26:04"
860865908302118913,0,1,"Morning all feel like $&amp;@( this morning going to take some meds and go back to sleep have a great Saturday I'll see everyone tomorrow","2017-05-06 14:36:41"
860698872779243520,0,0,"OMG talk about blast from the past I remember having these wish I still did https://t.co/JIUgTROcM1","2017-05-06 03:32:56"
860669695388680192,0,0,"@KristineLeahy thx for the love as for Doug saddest thing about what you said is how excited you were about beating your own child in game","2017-05-06 01:37:00"
860653646035472385,1,0,"@VyrenGames thanks for love so excited to be apart of such a great community","2017-05-06 00:33:14"
860603420490817537,1,0,".@ShamBamXX Meant to add @ShamBamXX twitch link https://t.co/VFbfCswEPb","2017-05-05 21:13:39"
860603124268060672,2,2,"Thanks for the games this morning @AshvauTweet had a blast my man, If you haven't make sure you go check him out https://t.co/xKbODyshzo","2017-05-05 21:12:28"
860591643254296576,4,4,"I also wanted to send out a special thanks to @ShamBamXX with out you I would have never found #TeamEmmmmsie https://t.co/wFeFv0qBIJ","2017-05-05 20:26:51"
860591164302516226,10,9,"This Dag found a home #TeamEmmmmsie a great group of ppl, I feel truly honored to be apart of this great community #SupportSmallStreamers","2017-05-05 20:24:57"
860587230288543744,3,0,"Thank you @Bass_Mstr_NL I am truly overwhelmed by the support and love I've been shown so glad to be apart of… https://t.co/TirT6rJ84O","2017-05-05 20:09:19"
860586680952266752,0,0,"Thank you @TerriCottaGames for the love so happy to be here everyone has been amazing and so welcoming https://t.co/wc6B3wtcm7","2017-05-05 20:07:08"
860585953282404352,1,0,"Thanks for the love @spooniedoll so excited to be apart of this amazing group of people #TeamEmmmmsie… https://t.co/OdGf8lblIV","2017-05-05 20:04:14"
860584361736974339,2,1,"@Nexillus Thanks @Nexillus so excited to be apart of this amazing team everyone has been so supportive #TeamEmmmmsie","2017-05-05 19:57:55"
860583442551115778,1,0,"Thank you so much @lll_EnRaGED_lll Stoked to be apart of such a great group of ppl I can't thank you enough and loo… https://t.co/zqQBhGmPpb","2017-05-05 19:54:16"
860527212545671169,5,10,"Live with some @PUBATTLEGROUNDS lets go get that chicken dinner #SupportSmallStreamers https://t.co/hsgzLc0AZd","2017-05-05 16:10:49"
860491038108078080,0,1,"Morning all see you for some more @PUBATTLEGROUNDS today stream start at 11a cst today","2017-05-05 13:47:05"
860367502097952768,1,1,"Man awesome night with @ShamBamXX @AshvauTweet @xTheBear_ thanks for the games was a blast can't wait to do it again #SupportSmallStreamers","2017-05-05 05:36:12"
860308449401417728,1,1,"Evening see you all in about 15 for some more @PUBATTLEGROUNDS Eat more chicken","2017-05-05 01:41:32"
860223842685464578,3,1,"An awesome day see yall tonight More @PUBATTLEGROUNDS on the way thanks to @ShamBamXX and @AshvauTweet for all the support and advice","2017-05-04 20:05:20"
860150016387821568,1,0,"Live with some @PUBATTLEGROUNDS hunting for that chicken dinner https://t.co/pHtNmVtnVv","2017-05-04 15:11:59"
860137571812290560,0,0,"Mornin @PUBATTLEGROUNDS today because I can, see you all at 10a CST I'm hungry for some yard bird. https://t.co/R4u6OU39HU","2017-05-04 14:22:32"
859764529848299520,0,0,"Morning all got some extra adulting to do so no stream today. May try for an evening stream later https://t.co/4Nkr3493Kl","2017-05-03 13:40:12"
859510485493972998,0,0,"Another awesome day see you all tomorrow for more @Diablo S10, have a great evening everyone I'm out https://t.co/4RNnc6pXTt","2017-05-02 20:50:43"
859439225913171969,0,0,"@Diablo is up and running come hang out for a bit request a song whatever https://t.co/h2Ko0Qb1TA","2017-05-02 16:07:33"
859418088818827266,1,0,"O yeah Blizzard is doing maintenance must have more coffee looking over my games to see what to play see you in abo… https://t.co/KXluDvRyMJ","2017-05-02 14:43:34"
859406220012158977,0,0,"Morning all see you in~hour for @Diablo according to my tweet last night we are steaming it lul. Thanks autocorrect… https://t.co/Dse1rJUQt6","2017-05-02 13:56:24"
859404995741003776,0,0,"@dameggamad https://t.co/jnI6tosMh3","2017-05-02 13:51:32"
859223183991427072,1,0,"Had a great day off hope everyone had a good day as well see you in the morning steaming @Diablo S10 come hang out… https://t.co/tajo8lvYvt","2017-05-02 01:49:05"
858856298821148672,1,0,"10hr stream in the books what a great day!! See you all Tuesday for some more @Diablo thanks for hanging out https://t.co/xDwrpjcPzz","2017-05-01 01:31:13"
858698266338357249,1,0,"Live with @Diablo S10 WD just looking for more stuff loot goblin mode engaged https://t.co/d5fbOpbK62","2017-04-30 15:03:15"
858677380742868993,0,0,"Happy Sunday everyone today's start time is 10a Cst @Diablo and tunes today just a laid back day come hang out for… https://t.co/qfPXPpUyFe","2017-04-30 13:40:15"
858395408372047872,0,1,"Another awesome day with @ForHonorGame thanks to everyone for hanging out with me, see you tomorrow will be playing… https://t.co/frFh27bqf1","2017-04-29 18:59:48"
858340361567186945,0,0,"Live with @ForHonorGame working on the PK today come hang out for a bit","2017-04-29 15:21:04"
858312703944916993,0,0,"Morning everyone @ForHonorGame today see you all at about 10 have a great day https://t.co/BfqCw3L4ub","2017-04-29 13:31:09"
858005917018861569,1,0,"Hey everyone today just hasn't gone as planned. No stream today see you all tmrw at our usual time 9a cst with some… https://t.co/d1OEcsvTX2","2017-04-28 17:12:06"
857993931598041088,1,0,"Awesome https://t.co/hI4vIiecmg","2017-04-28 16:24:28"
857840034204045312,0,0,"Oooo Primal #1 in the bag https://t.co/QqiMYbSoVr","2017-04-28 06:12:56"
857747640838127617,1,0,"@Dropaduski Congrats man that's awesome","2017-04-28 00:05:48"
857695949346545665,0,0,"What an awesome day with some @ForHonorGame see you all tomorrow for more https://t.co/0kP5ngLaQi","2017-04-27 20:40:24"
857676727463682048,0,0,"This is awesome  https://t.co/B6Zfm1sC6J","2017-04-27 19:24:01"
857603447125929984,0,0,"I know I've used this Gif recently but it just fits @ForHonorGame Live now https://t.co/bNkgjwTjUJ","2017-04-27 14:32:49"
857590549381042177,0,0,"Mornin @ForHonorGame today you think Lawbringer is your ally but you only adopted the LB I was born with it moulded by it see you in 30","2017-04-27 13:41:34"
857313837309202432,0,0,"Awesome day everyone see you all tmrw https://t.co/t7jHiBacu5","2017-04-26 19:22:01"
857249492185350144,0,0,"@Diablo and Tunes gonna be a good day! https://t.co/hql9SnvQCS","2017-04-26 15:06:20"
857235504865177603,1,0,"@dameggamad Congrats on the thing :D but really that's so awesome and congratulations","2017-04-26 14:10:45"
857232754681012224,0,0,"Mornin see you at ten for some @diablo, Great news we got the song bot set up now takes requests from chat Come han… https://t.co/di4gfsM82N","2017-04-26 13:59:49"
856949801799344129,0,0,"What an awesome day see you all tomorrow for more","2017-04-25 19:15:28"
856932401448136705,0,0,"Switching over to @PlayOverwatch be gentle it's my first time https://t.co/aQLT8wCSf0","2017-04-25 18:06:20"
856884489028591616,0,0,"Had a great day off with my wife and daughter yesterday, Dag is back Live with @Diablo S10 Tunes and the Grind come… https://t.co/KMp9ELB256","2017-04-25 14:55:56"
856867774332850176,0,0,"Good morning everyone @Diablo this morning as soon as I get my vape rebuilt be on in about 30","2017-04-25 13:49:31"
856254645987160064,0,0,"Another great day with @diablo S10 see you all Tuesday morning have a great evening. https://t.co/AxJIVHLqow","2017-04-23 21:13:10"
856171483483254785,0,0,"Net fixed live with some @Diablo will be trying out a monk today for the hell of it come hang out for a bit hypnoto… https://t.co/pvGWaUl9qV","2017-04-23 15:42:43"
856157781656834052,0,0,"Having some net issues this morning be on as soon as they are resolved","2017-04-23 14:48:16"
856139963896877056,0,0,"Good morning see everyone for some @Diablo at 10 trying out a monk today https://t.co/7qGwvps3iF","2017-04-23 13:37:28"
855921528801775616,0,0,"Another awesome day thanks to everyone for hanging out see you in the morning for more @Diablo S10 https://t.co/mKZcr9cGIf","2017-04-22 23:09:29"
855802027879927808,0,0,"Live with some @Diablo S10 WD 600 para, come hang out for a bit just enjoying some tunes and praying for that first… https://t.co/snUD0qb3Lb","2017-04-22 15:14:38"
855775197508624389,0,0,"Good morning see you all in about an hour for some @Diablo WD S10. Back to the grind #diablo3 #dagablo https://t.co/VWZhM76HWH","2017-04-22 13:28:01"
855523020575830017,0,0,"What an awesome day thanks for hanging out, @DawnOfWar was awesome see you all tmrw 9a cst https://t.co/7chOm7I66S","2017-04-21 20:45:57"
855467804702777352,0,0,"@DawnOfWar is Live!!! #Daghammer https://t.co/4ie8ZEbBP9","2017-04-21 17:06:33"
855442254500155392,0,0,"Live now with @ForHonorGame @DawnOfWar to follow Lets GO!! #Dagnation https://t.co/F1mIOMtyMK","2017-04-21 15:25:01"
855429386992054273,0,0,"Think we are going to go with @ForHonorGame, it's got some updates to do be live after, then @ noon @DawnOfWar Beta… https://t.co/aLOaFqxFV0","2017-04-21 14:33:53"
855423005035560962,2,0,"Morning see you all in about 30 @dawnofwar opens in about 3 hours trying to decide what to play till then.… https://t.co/qnJJIZiJsH","2017-04-21 14:08:32"
855314663550074880,0,0,"I bet this is a blast and worth a few good laughs https://t.co/Rp6I0L32B1","2017-04-21 06:58:01"
855209274611576833,0,0,"How I feel about my ISP right now https://t.co/TBnnZkWeFJ","2017-04-20 23:59:14"
855208770699354112,0,0,"What an awesome day thanks for hanging out with me see you all for some @dawnofwar beta tmrw probably be back on… https://t.co/VtWZFyH7Lk","2017-04-20 23:57:14"
855072823391420416,0,0,"Aaaand we're off live now with @Diablo S10 WD Paragon 566 #diablo3 https://t.co/7wMOCoNkgy","2017-04-20 14:57:02"
855050249865355264,0,0,"Stream will start about 9:30 today lost track of the time playing with my daughter, see you soon https://t.co/rAhwK1qEhr","2017-04-20 13:27:20"
855048122048929796,0,0,"Morning! @Diablo S10 WD today workin for last few ancients then to primal, have a great day everyone","2017-04-20 13:18:52"
854932302195027968,0,0,"I'll be streaming @DawnOfWar 3 beta access on 4.21.17 looks really good come check it out with me #dawnofwar3openbetakey","2017-04-20 05:38:39"
854768119616749568,0,1,"Thanks to everyone who stopped by today had to cut it a lil short gotta extra adulting to do see you all tomorrow… https://t.co/2CSPJS4yFl","2017-04-19 18:46:15"
854696931557126145,0,0,"Live with some @diablo S10 WD and Wizard this season. Come hangout for bit https://t.co/bIYFtDfpsY","2017-04-19 14:03:22"
854673898515832832,0,0,"Good morning all see you at 9 for some more @diablo S10 https://t.co/carXavd6QG","2017-04-19 12:31:51"
854473028243255296,0,0,"Dad Life (Father's Day Opening 2010) https://t.co/5FR6CPJ9rW via @YouTube","2017-04-18 23:13:39"
854448098273185792,0,0,"What an awesome day and a great way to get the new schedule started see you all tomorrow for some more @diablo  https://t.co/BNnPtd9zyi","2017-04-18 21:34:36"
854336309397254145,1,0,"Live with some @Diablo S10 WD, so glad to be back come hang, I promise not to tell your boss you've been watching twitch all day","2017-04-18 14:10:23"
854322616525508608,0,0,"Dag is back today begins our new full time schedule I'm so hyped, @Diablo S10 WD today, stream starts at 9aCST come… https://t.co/Bw5Dcms9I0","2017-04-18 13:15:58"
853977287049453571,0,0,"New schedule for twitch, Tuesday-Sunday 9am-3pm This will be our permanent schedule going forward, bonus evening… https://t.co/DQ96THuej6","2017-04-17 14:23:46"
852614636205518850,0,0,"What an awesome day so far, see you tonight for some more @diablo S10 https://t.co/50LMxu776K","2017-04-13 20:09:04"
852538947339034625,0,0,"Live w/More @diablo S10 Crusader How far can we get today cause last night was insane. https://t.co/Q59nUYdLVd","2017-04-13 15:08:19"
852306811025711104,0,0,"We will be live in about 15 with some more @diablo S10 Crusader working on that first 70  https://t.co/UXdRH4sk50","2017-04-12 23:45:53"
852245860691750912,0,0,"What an awesome day so far! see you in a few hours for more S10 @diablo Wizard 25-70 and beyond https://t.co/vQaTyUEQFr","2017-04-12 19:43:41"
852195458659237889,0,0,"@Diablo and Tunes today, just chillin I have missed this game https://t.co/4vmrInDoSw","2017-04-12 16:23:25"
852191321007595520,0,0,"Join me now for some @Diablo S10 Wizard, Still praying for that Necromancer Beta Key. https://t.co/TFCiEYuxUS","2017-04-12 16:06:58"
851844850802540544,0,0,"Hey everyone storms keeping knocking out my power and net. Decided to cancel today's stream got our green screen… https://t.co/w871x5vXe3","2017-04-11 17:10:13"
851456904761036801,0,0,"Live with some @PUBATTLEGROUNDS  #Dagunkown Eat more Chicken  https://t.co/9b4pOjrKAG","2017-04-10 15:28:40"
850720323070603266,0,0,"I just can't get @PUBATTLEGROUNDS out of my head. I want my Chicken Dinner!!! #Dagunknown https://t.co/xNKzLZayEF","2017-04-08 14:41:45"
850618724898009088,0,0,"Live with @PUBATTLEGROUNDS Because I can #Dagunknown","2017-04-08 07:58:02"
850366683562745856,1,0,"Couldn't sleep so live with @Diablo S10 Crusader crushing my way to 70 and beyond #Dagablo https://t.co/oJIJW1RpHs","2017-04-07 15:16:31"
850343389618941955,0,0,"and I feel old https://t.co/suKD8t50nP","2017-04-07 13:43:57"
850265394308726786,0,0,"Live w/@SteelDivGame WW2 Tactical RTS. #DagnationInvasion https://t.co/oJIJW1RpHs","2017-04-07 08:34:01"
850190194355654658,0,0,"Streaming some @SteelDivGame tonight on Twitch stream will start at high night 12a CST #DagnationInvasion","2017-04-07 03:35:12"
849954166940282880,0,0,"Can't wait hope I get picked https://t.co/MIInjaNvRI","2017-04-06 11:57:19"
847265031565721600,1,1,"So sorry everyone but Lanora seems to have caught the cold and isn't staying asleep and Lauren is at work. No… https://t.co/uC2JdJKIbC","2017-03-30 01:51:39"
847249330314526721,0,0,"See everyone at 9p cst for some @TW_Warhammer #Dagplomacy  https://t.co/JmqIIwgv2G","2017-03-30 00:49:16"
846967466446213120,0,0,"Thanks for stopping by everyone more @TW_Warhammer tmro #Dagplomacy  https://t.co/VYvC4q9NxA","2017-03-29 06:09:14"
846906073617383424,0,0,"Now live @twitch.tv/lonely_dag with some @TW_Warhammer #Dagplomacy Come hang out for a bit","2017-03-29 02:05:17"
846877723972722688,0,0,"Start time is 9p tonight see y'all soon  https://t.co/ia3gNCgjg9","2017-03-29 00:12:38"
846595855922577408,0,0,"Awesome night everyone, see y'all tmro for more @TW_Warhammer #Dagplomacy https://t.co/JZgycD7DrJ","2017-03-28 05:32:35"
846504041169412096,0,0,"See you @~8 for some Dagplomacy @TW_Warhammer, no cam tonight still fighting the plague  https://t.co/2twkycOzZw","2017-03-27 23:27:45"
846147180331085824,0,0,"Still have no voice be on tomorrow regardless. Taking the night to rest see you all very soon  https://t.co/9huDdpBOCn","2017-03-26 23:49:43"
845755569176666113,1,0,"Still feeling under the weather and lost most of my voice. Going to rest up and hopefully see y'all tomorrow  https://t.co/bGGM5s7Gs9","2017-03-25 21:53:35"
845520236128354304,0,0,"What an awesome night thanks to everyone who stopped by, gonna take some meds and get some sleep so I can hang out… https://t.co/mFEOBKNEqb","2017-03-25 06:18:27"
845446894058819584,0,0,"See everyone about 9:30p cst  https://t.co/dZ9gKsRxtE","2017-03-25 01:27:01"
845100623519395840,0,0,"Be on at 10 with some @PUBATTLEGROUNDS https://t.co/Ml5qApjVfr","2017-03-24 02:31:04"
845080692505526272,0,0,"Playing @PUBATTLEGROUNDS  ~9p CST game is downloading finally. Can't wait to play this game myself. See ya… https://t.co/lt9OIeWeYn","2017-03-24 01:11:52"
844454916894724097,0,0,"Thanks again @dameggamad for stopping by and the host hope you slept well 💤💤","2017-03-22 07:45:16"
844452984260059139,0,0,"Awesome night, thanks for stopping by everybody see ya 3.24 for more @TW_Warhammer #Dagplomacy https://t.co/oDqaGBhbiL","2017-03-22 07:37:35"
844356959058853888,0,0,"@TW_Warhammer in 15 mins #Dawi#Legendary#NoMods https://t.co/OwsCYjof8B","2017-03-22 01:16:01"
844058527610023936,0,0,"Thanks to everyone who stopped by, another great night see you tomorrow for more @TW_warhammer https://t.co/3g8h0m3Wko","2017-03-21 05:30:09"
844056165013045248,0,0,"Awesome night so far be back in about 45  https://t.co/22ghniayJS","2017-03-21 05:20:46"
843999862110674945,0,0,"Live in 10 with some @masseffect campaign, cause I didn't get to last night https://t.co/C8vJScBGHE","2017-03-21 01:37:02"
843664197384785920,0,0,"Sorry Everyone, but baby girl comes first see you all tomorrow have a great night. https://t.co/9ysuiIJu09","2017-03-20 03:23:13"
843628943726923776,0,0,"Still trying to find that balance between stay at home father and streaming. I may start later at times, but I'll… https://t.co/UfORAdcsDp","2017-03-20 01:03:08"
843595600222273537,0,0,"See everyone tonight about 8p CST for some @masseffect. Start time may flex tonight baby girl has a couple teeth… https://t.co/BCD2tkV6QP","2017-03-19 22:50:38"
843365608234270720,0,0,"Another awesome night thank you to everyone who stopped by. And double congrats to dogoargentinoh on winning… https://t.co/U3qkt1vFQ3","2017-03-19 07:36:44"
843318203271073793,0,0,"Live now https://t.co/oJIJW1zOPU playing @TW_Warhammer our Dawi campaign continues #Legendary #NoMods #Dagplomacy","2017-03-19 04:28:22"
843307929176432640,0,0,"What a great night so far back in 30-45 min must eat. Congrats to dogoargentinoh on winning tonight's 1st… https://t.co/PWOU8puFYd","2017-03-19 03:47:32"
842896858338885632,0,0,"Greenskins left something, is that @TW_Warhammer DLC but I already have these hmm, see you tonight ~9p CST… https://t.co/zgOk8pULO8","2017-03-18 00:34:05"
842705567357386752,1,1,"Thx everyone who stopped by all your feedback was truly invaluable &amp; thank you for the host @dameggamad and… https://t.co/HphWfLrUGV","2017-03-17 11:53:58"
842565367537000449,0,0,"LIve now @ https://t.co/oJIJW1zOPU playing @masseffect early access multiplayer only #nospoilers All 10hrs to burn","2017-03-17 02:36:52"
842555238049435648,0,0,"Stream to begin @ 9:20p CST @masseffect Multiplayer only #nospoilers We got all 10hrs of early access to burn. https://t.co/54yEi4uUz1","2017-03-17 01:56:37"
842525365427822592,0,0,"From here forward we shall start @ 9pm CST daily, see you tonight at 9pm CST for some @masseffect #multi… https://t.co/6RPJjM4lcw","2017-03-16 23:57:55"
842290290526363648,0,0,"See everyone at 8p CST for some @masseffect  Early access multiplayer only #nospoilers https://t.co/RXejg7fFYv https://t.co/xVCKuSAFYi","2017-03-16 08:23:48"
842283641858228225,0,0,"Another awesome night, Thanks again to everyone who came by. Come check out some ME:… https://t.co/DzNQzLkips","2017-03-16 07:57:23"
842206485887180801,0,0,"For The Ancients!!!  And need a Dawi Emote  Twitch!! https://t.co/p9hukSTBMY","2017-03-16 02:50:48"
842201636273451008,1,0,"Greenskin found, back in 20  https://t.co/udHbydwCOL","2017-03-16 02:31:32"
842198154497802240,0,0,"Filthy Greenskins got in my mic hope to be back on within the hour. https://t.co/yFZOxgHypm","2017-03-16 02:17:41"
842182956546428928,0,0,"Live now at Live now at https://t.co/NFdX9G3lmQ  @TW_Warhammer#Dawi#Legendary#NoMods#Dagplomacy","2017-03-16 01:17:18"
842153372262256641,0,0,"Streaming my 10 hrs @masseffect 3.16.17 @8pm CST. Multiplayer only #nospoilers https://t.co/oJIJW1zOPU","2017-03-15 23:19:45"
842151599141134336,0,0,"Ok I have 10 hrs of Play time in a bank so to speak for Mass Effect Andromeda Early access. So schedule will… https://t.co/hU4rk1LEfk","2017-03-15 23:12:42"
841860404200517634,0,0,"Live now at https://t.co/NFdX9G3lmQ @TW_Warhammer","2017-03-15 03:55:36"
841849794930831360,1,3,"Due to Stinking Greenskins attacking my system, tonight's stream will begin @ approximately 10:30pm CST. @TW_Warhammer #Legendary #NoMods","2017-03-15 03:13:26"
840100416306135040,1,2,"6 more days till @masseffect early access, can't wait to see the new galaxy in all its glory. Tune in to https://t.co/oJIJW1RpHs 3.16.17","2017-03-10 07:22:02"
839217416148303872,0,0,"@AshleyFurnitur4 you just can't get it here in one piece can you? at least its not broke in half this time but the desktop finish is toast","2017-03-07 20:53:18"
839206052990177280,0,0,"Hoping @AshleyFurnitur4 get my desk here in one piece this time so I can start streaming, hope to have a test stream up soon.","2017-03-07 20:08:09"
