"id","favorite count","retweet count","text","created at"
897928334222344192,31,39,"I stuck around when no one else did","2017-08-16 21:09:32"
897920937256824832,0,0,"@awlexaa It's in Cali 😤","2017-08-16 20:40:08"
897746167357857792,0,0,"You are driven to succeed at work now and won’t allow mundane ... More for Pisces https://t.co/Yzx7MKfI4z","2017-08-16 09:05:40"
897699939949699072,24,5,"I'm stressed someone call me","2017-08-16 06:01:58"
897674180090580992,11,1,"Pretty baby https://t.co/x9KMtyR9Ci","2017-08-16 04:19:37"
897666968995713024,1,0,"@riojas_isabel Thank u","2017-08-16 03:50:57"
897648683579211777,0,0,"@Kaywalty5 Ily","2017-08-16 02:38:18"
897635919292977154,1,0,"@ovoscrapp I'm not into those","2017-08-16 01:47:35"
897624172901302273,12,3,"it's not what I want, it's just what I know I have to do","2017-08-16 01:00:54"
897623585107447809,67,47,"since I love you I gotta let you go","2017-08-16 00:58:34"
897538469232345089,44,13,"Being good gets me nowhere so maybe it's time to be bad?","2017-08-15 19:20:21"
897538373115686916,0,0,"I'd like to see Conor McGregor beat Floyd Mayweather. Cast your vote now! #MayMac365 https://t.co/00NgiATVr9","2017-08-15 19:19:58"
897537320370548736,1,0,"@lopez_kamryn Gives u an opportunity to meet new people","2017-08-15 19:15:47"
897537239546200065,14,6,"they just wanna use you","2017-08-15 19:15:28"
897534660070096897,1,0,"@xTyty68 Alright ty calmate","2017-08-15 19:05:13"
897498834611261440,3,1,"AN ICON https://t.co/wXWSHy4iIi","2017-08-15 16:42:51"
897495191967473665,1,0,"@cali_juring AHH 😰💀💞😤","2017-08-15 16:28:23"
897383758306750464,1,0,"You are driven to succeed at work now and won’t allow mundane ... More for Pisces https://t.co/Yzx7MKfI4z","2017-08-15 09:05:35"
897354215336673281,12,1,"Someone txt me(,:","2017-08-15 07:08:11"
897354090929324032,18,4,"I am home alone and this is annoying","2017-08-15 07:07:41"
897352501443391488,1,1,"Ouch","2017-08-15 07:01:23"
897350466073440256,89,110,"I always get sad at night lol","2017-08-15 06:53:17"
897335115101200384,76,72,"I could've avoided the pain but I would've had to miss the experience","2017-08-15 05:52:17"
897334121239900160,191,128,"Where do girls find men like this ?? https://t.co/qcb7spBA6x","2017-08-15 05:48:20"
897328196198313984,9,4,"Ft me","2017-08-15 05:24:48"
897328031630577664,5,1,"SO CUTE https://t.co/WWTkEmOc4T","2017-08-15 05:24:08"
897325797572321281,1,1,"@Nicolerussell01 BABY HI AW","2017-08-15 05:15:16"
897325712331468800,1,0,"@jadee_ella Thank u baby ilyyy","2017-08-15 05:14:55"
897320281949310976,88,50,"right person, wrong time","2017-08-15 04:53:21"
897281072588664832,17,4,"good to be back in sa","2017-08-15 02:17:33"
897021392549363712,2,0,"You are driven to succeed at work now and won’t allow mundane ... More for Pisces https://t.co/Yzx7MKfI4z","2017-08-14 09:05:40"
896940869852573696,43,44,"Omg I'm such a wreck rn","2017-08-14 03:45:42"
896827935277101056,5,2,"I feel attacked https://t.co/sOKsGENBC4","2017-08-13 20:16:56"
896809684132388864,27,17,"I'm such an insure ass person and I hate it so much","2017-08-13 19:04:25"
896805195019059201,2,1,"!!! https://t.co/ykv43f9vFE","2017-08-13 18:46:34"
896757549462106121,1569,1149,"If anyone's tryna dm me and get to this point feel free https://t.co/UTtgbANc04","2017-08-13 15:37:15"
896737482045358081,1,1,"Happy birthday to one of the most prettiest girls I follow, @lexdanielled have a good day baby 💖💞😭","2017-08-13 14:17:30"
896658975613235201,1,0,"You are driven to succeed at work now and won’t allow mundane ... More for Pisces https://t.co/Yzx7MJY7d1","2017-08-13 09:05:33"
896593514833649664,1,0,"That ** https://t.co/dpNgpwWgZA","2017-08-13 04:45:26"
896469257906683907,30,24,"I wish https://t.co/jwMnCKRGU7","2017-08-12 20:31:41"
896296590029107202,1,0,"You are driven to succeed at work now and won’t allow mundane ... More for Pisces https://t.co/Yzx7MKfI4z","2017-08-12 09:05:34"
896216038668455936,15,9,"Vent to me","2017-08-12 03:45:29"
896215494763708416,7,0,"!!!! https://t.co/iqfmWXN7MP","2017-08-12 03:43:19"
896215191117017088,1,1,"@alexaleal0 He knows who he is","2017-08-12 03:42:07"
896133474335064064,13,4,"Bro..... https://t.co/T2846TF8fD","2017-08-11 22:17:24"
896131185478295552,0,1,"@alexiisfayee I love u too baby","2017-08-11 22:08:18"
896111063158054912,4,0,"Id cuff tf outta him, he's so cute https://t.co/Rupx2ELywa","2017-08-11 20:48:21"
896103766755221504,132,135,"For fucking granted https://t.co/5TkjKgQYXK","2017-08-11 20:19:21"
895934242722521090,0,0,"You are driven to succeed at work now and won’t allow mundane ... More for Pisces https://t.co/Yzx7MKfI4z","2017-08-11 09:05:43"
895887118005714944,56,71,"Hit me the fuck up","2017-08-11 05:58:28"
895860249416138752,133,147,"Back on my sad shit lol","2017-08-11 04:11:42"
895858683015548928,2,2,"Lmao","2017-08-11 04:05:28"
895834216591749120,106,92,"All these upcoming scary movies make me wish I had a boo to watch them with 😢","2017-08-11 02:28:15"
895828606571741184,0,0,"@ErnesArthur Omg I love u","2017-08-11 02:05:58"
895770447832395776,1,0,"@ErnesArthur Ily","2017-08-10 22:14:52"
895769195094429697,87,31,"Do you ever like someone so much to the point where you're kinda scared to get hurt again so you just distance yourself? Bc same.","2017-08-10 22:09:53"
895722064446926848,2,0,"Idk y angelo subtweets me","2017-08-10 19:02:36"
895643900601413632,57,25,"you boys seem to disappoint me more and more everyday","2017-08-10 13:52:00"
895571892517478400,0,0,"You are driven to succeed at work now and won’t allow mundane ... More for Pisces https://t.co/Yzx7MKfI4z","2017-08-10 09:05:52"
895533410898370560,15,13,"Someone call me so I can fall asleep","2017-08-10 06:32:58"
895533095029534721,0,0,"@itslenhoe DM HER","2017-08-10 06:31:42"
895484001728823297,1,0,"@mikbelll Aww thank u","2017-08-10 03:16:37"
895478918660149248,1,1,"@noorgggggg I love u gf","2017-08-10 02:56:26"
895474339839176705,1,1,"@Nicolerussell01 I'm tryna","2017-08-10 02:38:14"
895473996195663874,80,84,"I have come to the conclusion that I'm ugly asf and I'm gonna die alone","2017-08-10 02:36:52"
895472895882874881,2,0,"@itslenhoe Bet 😤","2017-08-10 02:32:30"
895472714345058304,0,0,"@aye4clay 😢😢😢 my heart","2017-08-10 02:31:46"
895471872980209664,1,1,"@lopez_kamryn Says u😰","2017-08-10 02:28:26"
895470956373737474,0,1,"@alexiisfayee Hell yess 💓💖💓💖💖💞","2017-08-10 02:24:47"
895470780770914304,1,0,"@alexiisfayee 😰💓","2017-08-10 02:24:05"
895470754556502017,1,0,"@krystal_mc01 Ahh","2017-08-10 02:23:59"
895470724248416256,0,0,"@destinyxxross Ily des","2017-08-10 02:23:52"
895466938306048000,117,109,"Someone talk about me like this 😢😢😢 https://t.co/P08klQ0qoM","2017-08-10 02:08:49"
895351867882037248,17,3,"What's yalls favorite foods? I'm curious dm me","2017-08-09 18:31:34"
895323603893329923,50,36,"GOD I MISS HANNAH MONTANA SOOO MUCH 😭😭😭😭BRING IT BACK PLS https://t.co/L6BeTiEJxj","2017-08-09 16:39:16"
895318692879138817,21,1,"Honey is the prettiest girl out here Idc idc https://t.co/UrMNwqq35l","2017-08-09 16:19:45"
895209513329897472,1,0,"You are driven to succeed at work now and won’t allow mundane ... More for Pisces https://t.co/Yzx7MKfI4z","2017-08-09 09:05:54"
895177545989193730,19,6,"Fucking goals https://t.co/G17iykt8Wz","2017-08-09 06:58:53"
895128027746750465,1,0,"@alexiisfayee Stop Lexi I love you but u have Ramon 😰","2017-08-09 03:42:07"
895100900288737282,240,218,"If someone's tryna talk to me and not make me look stupid then hmu","2017-08-09 01:54:19"
895043026204209156,136,160,"I want new people to talk to ):","2017-08-08 22:04:21"
895008203372728321,1,1,"@sarahkeneedy So cute !!","2017-08-08 19:45:58"
894847075803742208,1,0,"You are driven to succeed at work now and won’t allow mundane ... More for Pisces https://t.co/Yzx7MKfI4z","2017-08-08 09:05:42"
894792722464337920,1,0,"@madisonlnae Thank u","2017-08-08 05:29:44"
894789558650490880,0,0,"@jaeindacut Aww","2017-08-08 05:17:09"
894785339415560192,3402,4022,"""Lets go eat"" https://t.co/1mDcooyPzg","2017-08-08 05:00:23"
894775823407992832,48,37,"Ya I'm not feeling that anymore","2017-08-08 04:22:35"
894774490806312960,1,1,"@ashleeeyrodz UR SO PRETTY","2017-08-08 04:17:17"
894758094550335491,0,0,"@ErnesArthur 😰","2017-08-08 03:12:08"
894757796956094465,0,0,"@destinyxxross So r u ):","2017-08-08 03:10:57"
894749869239185408,1,0,"@ashleeeyrodz FUDE THAT IS U","2017-08-08 02:39:27"
894749078323511296,1,1,"@destinycrystall I love u","2017-08-08 02:36:18"
894723980774359040,0,0,"@ErnesArthur 💓💓💓","2017-08-08 00:56:34"
894693968369172481,0,0,"@_dabney1 💖💖","2017-08-07 22:57:19"
894679977639018496,30,13,"if you ever need prayer or a friend to talk to dm me 💓","2017-08-07 22:01:43"
894676543347204096,2434,1076,"Fuck. I want this. https://t.co/0hX55AROjS","2017-08-07 21:48:04"
894666643837562881,0,0,"@seymour2498 Thank you😰","2017-08-07 21:08:44"
894666055905300480,0,0,"@seymour2498 They weren't that cute","2017-08-07 21:06:24"
894663316731080704,17,2,"I love suspenseful movies I just hate watching them by myself 😢😢😢","2017-08-07 20:55:31"
894663201832312832,0,0,"@seymour2498 Omg thank u so much 😢😢😢","2017-08-07 20:55:04"
894656824296718336,14,2,"Someone pls buy me this movie since Netflix is a bitch and decided to remove it thank you https://t.co/U5jBlqcPzj","2017-08-07 20:29:43"
894637722345775105,5,2,"AW https://t.co/PUhFHtrYzl","2017-08-07 19:13:49"
894637544117157889,2,0,"@mexicano_luis18 Smooth","2017-08-07 19:13:06"
894484697165594624,0,0,"You are driven to succeed at work now and won’t allow mundane ... More for Pisces https://t.co/Yzx7MKfI4z","2017-08-07 09:05:45"
894437603960926208,1,1,"@jadee_ella aw I love u baby","2017-08-07 05:58:37"
894420878817185796,2,1,"@jadee_ella I love u","2017-08-07 04:52:09"
894420763591286784,1,0,"@SavagedKiller_ DUDE FR FUCK","2017-08-07 04:51:42"
894420717843996672,1,0,"@baekole Heheheheheheheh thank u ily","2017-08-07 04:51:31"
894420674638381057,0,0,"@alexiisfayee Hahhaha ilyyy","2017-08-07 04:51:21"
894396728807481345,1,0,"@_Chowder909 Aw","2017-08-07 03:16:11"
894396214149603329,1,0,"@Nicolerussell01 Aw nicki 💞💞💞💞","2017-08-07 03:14:09"
894396180670689280,1,1,"@aye4clay 😢😢😢💓💓🤕🤕","2017-08-07 03:14:01"
894396141814636544,0,0,"@willxvm Awe","2017-08-07 03:13:51"
894396103726182400,1,0,"@JCansino2_ Shut up jaime","2017-08-07 03:13:42"
894384687304540160,1,0,"@goddessquinn Txt me!","2017-08-07 02:28:20"
894380977052684288,1,0,"@lunaaaaaaa69 Awww","2017-08-07 02:13:36"
894376547360157697,0,0,"@noorgggggg Txt me !","2017-08-07 01:56:00"
894376393278205953,79,11,"Does anyone want these selfies I'm not gonna post","2017-08-07 01:55:23"
894372273947373568,100,118,"I'm so awkward and ugly I apologize","2017-08-07 01:39:01"
894368606326317057,1,0,"@ashleeeyrodz Cutteeee","2017-08-07 01:24:26"
894361844311347201,34,17,"you walked all over me and took me for granted so now I fear anyone else who even tries","2017-08-07 00:57:34"
894361720143171584,103,74,"you're the reason I'm this way and I fucking hate it","2017-08-07 00:57:05"
894360265990565888,1,1,"@gerrieortiz22 U r special shut up","2017-08-07 00:51:18"
894355492352344064,21,3,"I talk to lots of people, you're not special oops","2017-08-07 00:32:20"
894355425042321409,0,0,"@mvrtinez_23 Thanks /:","2017-08-07 00:32:04"
894122286902411264,1,0,"You are driven to succeed at work now and won’t allow mundane ... More for Pisces https://t.co/Yzx7MKfI4z","2017-08-06 09:05:39"
894075617670463488,29,21,"I can never have soemthing good because people like to ruin it lmao","2017-08-06 06:00:13"
894062098325676032,98,93,"ok I'm tired of these games, I want something real","2017-08-06 05:06:29"
894061215483400192,14,6,"💀💀💀💀💀💀 https://t.co/qifDNTFhLw","2017-08-06 05:02:59"
894060365830598656,6,0,"Someone hangout with me tmrw Dm me !!","2017-08-06 04:59:36"
894052730540621824,10,3,"Probably getting myself into deep shit","2017-08-06 04:29:16"
894015348365828096,10,16,"I'm fucking annoyed","2017-08-06 02:00:43"
894004328557629440,0,0,"@ErnesArthur Aww","2017-08-06 01:16:56"
893995471018110976,114,112,"If you're good at texting and know how to keep a conversation going, hmu ((:","2017-08-06 00:41:44"
893977435783532544,1,1,"@Nicolerussell01 I get back next Sunday!","2017-08-05 23:30:04"
893976995218030592,1,1,"@Nicolerussell01 you are the cutest thing I've ever seen wow https://t.co/EbeBMfctSt","2017-08-05 23:28:19"
893902813243297792,3,0,"I miss angey);","2017-08-05 18:33:33"
893759892808384513,0,0,"You are driven to succeed at work now and won’t allow mundane ... More for Pisces https://t.co/Yzx7MKfI4z","2017-08-05 09:05:38"
893711262537977856,21,2,"KIDNAP IS SUCH A GOOD MOVIE IM DOWN TO SEE THAT SHIT AGAIN","2017-08-05 05:52:23"
893599683821658112,18,10,"I wanna fucking cry","2017-08-04 22:29:01"
893590051938021376,58,48,"Nobody grabs my attention","2017-08-04 21:50:45"
893567046558121984,1,1,"@sarahkeneedy 😍😍😍","2017-08-04 20:19:20"
893529532019478528,0,0,"@AlyssaWhiteley I'm literally crying","2017-08-04 17:50:16"
893528873513648128,26,0,"10 things I hate about you isn't on Netflix anymore 😭😭😭😭😭","2017-08-04 17:47:39"
893514966283800576,0,0,"@Kaywalty5 Ilyyy","2017-08-04 16:52:23"
893514908121346048,0,1,"@dodger_kid1 By choice","2017-08-04 16:52:09"
893498693642539008,1,0,"@rylvv Dude that's u !","2017-08-04 15:47:43"
893497416472817664,1,1,"@_elenarodmaria I love you😢😢😢😢","2017-08-04 15:42:39"
893497228416790529,2,1,"@Chrissvx Dedddd","2017-08-04 15:41:54"
893497110636744706,0,0,"@lilrissssy Dude thank u ):","2017-08-04 15:41:26"
893479964120666112,0,0,"@maleficentjess Awwww","2017-08-04 14:33:18"
893479781702004736,1,0,"@poolboy_kam How I met your mother","2017-08-04 14:32:34"
893479487689678848,2,0,"@xxochristian Mhm sure","2017-08-04 14:31:24"
893479358698053632,1,1,"@0kwhat3ver Thank you baby ahh","2017-08-04 14:30:53"
893397477151318017,3,0,"You are driven to succeed at work now and won’t allow mundane ... More for Pisces https://t.co/Yzx7MKfI4z","2017-08-04 09:05:31"
893362066094010368,1,0,"@goddessquinn Thanks baby!!","2017-08-04 06:44:49"
893361304429375489,1,1,"@liyah6146 You! Omg 😰","2017-08-04 06:41:47"
893361098304491521,1,1,"@abbiee_wabbieee U r in no way fat omg you're so pretty!!","2017-08-04 06:40:58"
893361025948536832,1,0,"@Nicolerussell01 😔😔😔","2017-08-04 06:40:41"
893360694099398658,1,1,"@Nicolerussell01 I was tryna but now u all boo'd up):","2017-08-04 06:39:21"
893360543284830208,1,0,"@ErickaCaceres1 Thanks baby!!","2017-08-04 06:38:46"
893358692262973440,1,0,"@nayelidmngz Dude you're so nice wow","2017-08-04 06:31:24"
893358639913857024,1,0,"@xoxomiaaa__ Aww!!","2017-08-04 06:31:12"
893349068084260865,67,60,"Slide in my dms 😰😰😰","2017-08-04 05:53:10"
893315966830030848,1,0,"@blxemarina is so beautiful","2017-08-04 03:41:38"
893314833122197505,15,8,"hit my line (,:","2017-08-04 03:37:07"
893313677901877248,310,153,"I wanna be someone's ""person"" 😢😢 https://t.co/naUpOL4QE5","2017-08-04 03:32:32"
893248231693574144,0,0,"@esyussa Thank you so much","2017-08-03 23:12:28"
893243410538266624,1,0,"@taylaloha Fuck that dude","2017-08-03 22:53:19"
893243311921803269,0,0,"@ErnesArthur Yay ur my fave too!!","2017-08-03 22:52:55"
893241364611256324,29,28,"done letting peoples actions and words effect my mood","2017-08-03 22:45:11"
893122927130005504,1455,719,"Imagine being shown off like this.. 😰😰😰😰😰😰 https://t.co/qWkdIpICVg","2017-08-03 14:54:33"
893035101394620416,1,0,"You are driven to succeed at work now and won’t allow mundane ... More for Pisces https://t.co/Yzx7MKfI4z","2017-08-03 09:05:34"
892960497917624320,33,24,"@ cute boys, slide in my dms 💗💞","2017-08-03 04:09:07"
892959498742243328,81,86,"Ok on some real shit I want someone to be my header","2017-08-03 04:05:09"
892959243845939200,56,71,"Sorry that I'm fucking ugly","2017-08-03 04:04:08"
892956336983617538,1,1,"@noorgggggg I love u gf","2017-08-03 03:52:35"
892955617299750913,1,1,"@callierogers0 Her @ is @callierogers0","2017-08-03 03:49:44"
892955572068380672,1,1,"@emx3_ All u","2017-08-03 03:49:33"
892955304941543424,0,0,"@pimpdaddycici @fw1576247 Someone made it ):","2017-08-03 03:48:29"
892955272003629056,1,1,"@callierogers0 So is mine (;","2017-08-03 03:48:21"
892950199567618048,1,1,"@hfaithh__ i love u so much","2017-08-03 03:28:12"
892949427886989313,1,1,"@liyah6146 Thank u baby!!","2017-08-03 03:25:08"
892946290631479296,1,1,"@juliianatovarr Ily Juli","2017-08-03 03:12:40"
892946256640843776,1,1,"@jadee_ella Jade. I adore you.","2017-08-03 03:12:32"
892944619247476736,1,0,"@miapgonzales Ah","2017-08-03 03:06:01"
892943288122134528,0,0,"@destinyxxross Dude u!","2017-08-03 03:00:44"
892943010132054016,1,1,"@destinycrystall I ask myself the same about u dude😭😭","2017-08-03 02:59:38"
892942960647704576,0,1,"@alexiisfayee Me too, only for u tho(;;","2017-08-03 02:59:26"
892942924903796736,1,1,"@sarahkeneedy Ilyyy","2017-08-03 02:59:18"
892942737439379456,0,0,"@destinycrystall Y😰😰","2017-08-03 02:58:33"
892940233926467584,2,2,"@alexiisfayee @sarahkeneedy Ur so hot wow","2017-08-03 02:48:36"
892928306009575424,0,1,"@ErnesArthur I love u","2017-08-03 02:01:12"
892884861928845312,0,0,"@ErnesArthur Ilyyyy","2017-08-02 23:08:34"
892877588242337794,1,0,"@pauljarretmusic Tysm","2017-08-02 22:39:40"
892875210352979973,1,0,"@pauljarretmusic (,: 💞💞","2017-08-02 22:30:13"
892873770213539840,55,1,"Someone help me choose selfies","2017-08-02 22:24:30"
892857037058715648,0,0,"@guerreroemilyy Dude thats all u","2017-08-02 21:18:00"
892856966493724672,0,0,"@ErnesArthur Hi","2017-08-02 21:17:43"
892831377522950144,1,0,"@Michaael_14 Mhmmm for sure","2017-08-02 19:36:03"
892830596107554816,1,1,"@Michaael_14 Get it from my cousin 😤😤😤","2017-08-02 19:32:56"
892829284255059968,1,0,"@Michaael_14 Pos los dos","2017-08-02 19:27:43"
892828870155620352,1,0,"@k_weltschmerz Yay !","2017-08-02 19:26:05"
892825546429747200,68,32,"I don't even have anyone that I look forward to talk to. It's sad.","2017-08-02 19:12:52"
892820526921592834,214,233,"I'm not even surprised anymore when things don't work out","2017-08-02 18:52:56"
892775163091197953,2,1,"@ashleeeyrodz UR SO PRETTY ASH HOW SHOW ME UR WAYS","2017-08-02 15:52:40"
892756693469343744,77,48,"THIS https://t.co/NY3EOwATkF","2017-08-02 14:39:16"
892755008004993026,1,0,"@vassyllic Thank u so much omg 😢😢💗","2017-08-02 14:32:35"
892737755851218945,1,0,"@Chris_831_Z Thank u !","2017-08-02 13:24:01"
892737698749927425,1,1,"@babybaileyyyyyy Dude thats all you omg","2017-08-02 13:23:48"
892737548711333888,1,1,"@anissalynn2 Thank uuu 😢😢","2017-08-02 13:23:12"
892737469896065024,0,0,"@_elenarodmaria Heyyyy thank you babyyy","2017-08-02 13:22:53"
892737246473986049,1,1,"@noeemmii_ Ilyyy","2017-08-02 13:22:00"
892672731807760384,2,0,"You wish you could stick with your tried-and-true formula toda... More for Pisces https://t.co/Yzx7MKfI4z","2017-08-02 09:05:38"
892617062211833856,1,0,"@menacetheashley I know ily2!","2017-08-02 05:24:26"
892617017290891264,2,1,"@_LAA14 I will","2017-08-02 05:24:15"
892615869427318784,2,0,"@_LAA14 Aww","2017-08-02 05:19:41"
892608379981414400,1,0,"@GetLacedBitch1 Ded","2017-08-02 04:49:56"
892608357634252800,1,1,"@briannaamarii Thank u bb","2017-08-02 04:49:50"
892608334234345472,0,0,"@HaqueSu Aww","2017-08-02 04:49:45"
892597465970610176,1,1,"@cantu_natalie IM SO HAPPY I LOVE YOUUU","2017-08-02 04:06:34"
892597411742453760,1,0,"@hfaithh__ @HereIsGina Oh my goshhhh 💗💞💖💓","2017-08-02 04:06:21"
892597060121366529,1,0,"@hfaithh__ @HereIsGina The fact that I'm even in this tweet w that girl omgggg thank. U","2017-08-02 04:04:57"
892596944761225217,1,0,"@destinyxxross thank u baby aw","2017-08-02 04:04:29"
892596876033363968,1,1,"@DillTrill_ ily😰😰","2017-08-02 04:04:13"
892595270269235200,1,1,"@lyssadsantiago I love you too baby omg my heart !!! 💖💖💖","2017-08-02 03:57:50"
892594179251081216,1,1,"@callierogers0 I love u !","2017-08-02 03:53:30"
892591672990760961,1,0,"@IvanRodriguezz4 Aww","2017-08-02 03:43:33"
892590952791060481,1,0,"@sumblunts Thank u ahhh!!!","2017-08-02 03:40:41"
892588940384972800,1,0,"@HayleySchulz_ Thank u girl!!","2017-08-02 03:32:41"
892588113767354368,0,0,"@wikbvi It's us!!","2017-08-02 03:29:24"
892585735840247808,0,0,"@wikbvi You?? Hell. Ya","2017-08-02 03:19:57"
892585706480164868,1,0,"@ashleeeyrodz I love u ash","2017-08-02 03:19:50"
892583628961665024,3,0,"@hectorjrurias Lmaooo","2017-08-02 03:11:35"
892581450964447232,0,0,"@jadee_ella U more !😰","2017-08-02 03:02:55"
892581307183751169,1,0,"@JPena_02 Ilyy😰","2017-08-02 03:02:21"
892581262539575297,0,1,"@alexiisfayee I love you","2017-08-02 03:02:11"
892580462933266433,3,1,"@destinycrystall thank you baby😰😢🤕","2017-08-02 02:59:00"
892579912724381698,1328,119,"happy https://t.co/weOAQ6Cd3Y","2017-08-02 02:56:49"
892563474651512832,0,0,"@zzz0mbiie Thank u baby","2017-08-02 01:51:30"
892526187997736960,272,192,"All these couples are so damn cute, I've never felt so lonely holy fuck https://t.co/4y6jMtgfXo","2017-08-01 23:23:20"
892481004052631553,93,110,"If just anyone can have it, then I don't want it","2017-08-01 20:23:47"
892465245867962369,17,0,"last year today I got my first ring from my summer love boyfriend aw rip","2017-08-01 19:21:10"
892392694164664322,49,24,"-ing die https://t.co/Pj8d6TToJj","2017-08-01 14:32:52"
892310322253504516,2,0,"You wish you could stick with your tried-and-true formula toda... More for Pisces https://t.co/Yzx7MKfI4z","2017-08-01 09:05:33"
892254339129118720,23,19,"Text meeee","2017-08-01 05:23:06"
892204451699752960,1,0,"@imrealvgly W those freckles you can get anything","2017-08-01 02:04:52"
892204309340971008,0,0,"@estasdos Awww my heart","2017-08-01 02:04:18"
892158454487560192,1,0,"@salwouamir Thanks baby","2017-07-31 23:02:05"
892057543324860416,12,0,"Someone meet Callie and I at six flags 💓💓💓😤😤😤","2017-07-31 16:21:06"
892013622569955329,2,1,"@liyah6146 Ilyyyy","2017-07-31 13:26:35"
891947926892593153,1,0,"You wish you could stick with your tried-and-true formula toda... More for Pisces https://t.co/Yzx7MKfI4z","2017-07-31 09:05:32"
891894957589626880,17,8,"THATS ME😤😤😤 https://t.co/7ecTIJ74vh","2017-07-31 05:35:03"
891878906894090240,0,1,"@letsskedditt_ Ily","2017-07-31 04:31:16"
891874916685008896,69,78,"slide in my dms lets have a convoo","2017-07-31 04:15:25"
891874759843119104,1,0,"@mohments I love u","2017-07-31 04:14:47"
891701753724514305,192,155,"I wish I had someone interesting and fun that I could text all throughout my day 😕","2017-07-30 16:47:19"
891585528314736640,4,0,"You might not share the same perspective as your friends today... More for Pisces https://t.co/Yzx7MKfI4z","2017-07-30 09:05:29"
891547569062645760,4,1,"@ashleeeyrodz So cute !!","2017-07-30 06:34:39"
891546545652461568,39,22,"Who's up","2017-07-30 06:30:35"
891511324387180544,0,0,"@Nicolerussell01 Just for two days I'll b back the 13th","2017-07-30 04:10:37"
891503256106618880,20,3,"someone ft me while I pack 😰","2017-07-30 03:38:34"
891365739235618816,0,0,"@darrryldave 💞","2017-07-29 18:32:07"
891346655219515392,11,8,"@darrryldave I wouldn't even know what more to say, just that no matter how hard u try and give your ""all"" sometimes it's still not enough","2017-07-29 17:16:17"
891309716118413314,1,0,"@Michaael_14 Ihyyy💀💀💀","2017-07-29 14:49:30"
891223208166346752,1,0,"You might not share the same perspective as your friends today... More for Pisces https://t.co/Yzx7MJY7d1","2017-07-29 09:05:45"
891195703522885632,64,41,"I'm so scared I won't get into the school of my dreams ..","2017-07-29 07:16:27"
891195589966389248,15,16,"someone call me","2017-07-29 07:16:00"
891191790065385472,2,0,"Ask or confess me anything https://t.co/M1VfvehM4E","2017-07-29 07:00:54"
891181096653737984,32,12,"Who's up","2017-07-29 06:18:25"
891163755370950656,60,22,"play me in iMessage games 💓💗","2017-07-29 05:09:30"
891160956847480832,1,0,"@okaydafne Thank u baby):","2017-07-29 04:58:23"
891148579485691904,28,24,"text meee","2017-07-29 04:09:12"
891139533101727744,1,0,"@kelseyxxbaker SO CUTE","2017-07-29 03:33:15"
891135836447809537,38,50,"I feel like facetiming","2017-07-29 03:18:34"
891132380488105985,1,0,"@Mermaidishly Instagram??? And thank u baby","2017-07-29 03:04:50"
891076522035077120,1,0,"Hey @AuhsojTtenrab  I love you","2017-07-28 23:22:52"
891062832669876226,8,4,"im hungry","2017-07-28 22:28:29"
891061714799796224,0,0,"Hi @callierogers0","2017-07-28 22:24:02"
891058303815606273,1,0,"@rylvv Holy fuck","2017-07-28 22:10:29"
891031039363227650,7,4,"🔥🔥🔥🔥 https://t.co/cx8fuQkRrK","2017-07-28 20:22:08"
891030443398750208,1,0,"@Cevallos__ Ily 😢","2017-07-28 20:19:46"
891028423161901056,24,1,"someone come over","2017-07-28 20:11:45"
891017249246597122,3,1,"Semi true https://t.co/L82PRfzG81","2017-07-28 19:27:21"
890984765213560832,6,1,"😰😰😰😍😍😍😍 https://t.co/d8lhfkBDaY","2017-07-28 17:18:16"
890976129129099266,103,92,"in need of an oomf","2017-07-28 16:43:57"
890860754567446529,2,0,"You might not share the same perspective as your friends today... More for Pisces https://t.co/Yzx7MKfI4z","2017-07-28 09:05:29"
890793604234465280,61,21,"there's a million reasons why I should give you up","2017-07-28 04:38:40"
890790628732289024,1,0,"@Briannaaa1012 Thank u baby","2017-07-28 04:26:50"
890736586496905216,1,0,"@gvldenhoney 💓💓💓","2017-07-28 00:52:05"
890729981302775808,1,1,"@2freshbritt__ Ur so pretty","2017-07-28 00:25:51"
890729652821647360,1,0,"All grown up my little Christopher 😰💓 https://t.co/IKWWT6wcrq","2017-07-28 00:24:32"
890692758054326272,698,353,"I'm readyyy https://t.co/Zo7NQUQrat","2017-07-27 21:57:56"
890613901200576512,3,0,"imj","2017-07-27 16:44:35"
890611838089445378,1,1,"@NateRodriguez99 💖💖💖","2017-07-27 16:36:23"
890603743300988928,0,0,"@romeoquint Thank u ):","2017-07-27 16:04:13"
890498368891310080,0,0,"You are itching to stir up a little mischief at work now, but ... More for Pisces https://t.co/Yzx7MKfI4z","2017-07-27 09:05:30"
890461614855655425,1,0,"@plutoaaliyah Yessss","2017-07-27 06:39:27"
890459803587420160,1,0,"@alexafloress18 Thanks baby 💖💖💓💗💖💖","2017-07-27 06:32:15"
890456788147073024,1,0,"@k_weltschmerz THANK U BABY OMG","2017-07-27 06:20:16"
890453986398097408,1,1,"@gerrieortiz22 is coming over soon and I've never been happier","2017-07-27 06:09:08"
890453172376014848,1,1,"@gerrieortiz22 WHEN U COME OVER","2017-07-27 06:05:54"
890431171976458241,0,0,"@sjmontoya8 Thank u","2017-07-27 04:38:29"
890423104572411905,2,0,"@Kaywalty5 Me too dm me","2017-07-27 04:06:26"
890419890439454720,0,0,"@Kaywalty5 Bettt","2017-07-27 03:53:39"
890416576176033792,0,0,"@Cevallos__ Whoooo","2017-07-27 03:40:29"
890415944195080197,182,291,"IM TRYNA TALK TO NEW PEOPLE SLIDE IN MY DMS","2017-07-27 03:37:58"
890413877439193088,0,0,"@Kaywalty5 Texas 😭😭😭😭😨","2017-07-27 03:29:46"
890413162004193280,2,1,"@bria_briaaa @EthanEsparza25 😍😍😍😍","2017-07-27 03:26:55"
890404317542440962,19,16,"all I ever wanted was to be good enough for you and no matter how hard I tried, I wasn't enough","2017-07-27 02:51:46"
890404100457811968,57,27,"I sit down and think about you, and honestly nothing has ever hurt more","2017-07-27 02:50:55"
890401333966241793,3,1,"i manage to do this https://t.co/AKG6NpXbnN","2017-07-27 02:39:55"
890398399484309504,1,0,"@goldtittymilk Thanks 💗","2017-07-27 02:28:15"
890392124272848897,105,91,"I hope you realize I was the only one who cared","2017-07-27 02:03:19"
890389920669413376,1,0,"@LilMimi124 Wow thank u so much","2017-07-27 01:54:34"
890389819611906048,0,0,"@bbymyax Ily):","2017-07-27 01:54:10"
890389060384116736,0,0,"@bbymyax Be strong If u need anyone I'm here","2017-07-27 01:51:09"
890388680975802369,12,9,"But weren't you just.. then you. Ok","2017-07-27 01:49:38"
890377922523127808,1,0,"@_elenarodmaria i love you so much wow my heart is so happy thank you so much baby look at you!","2017-07-27 01:06:53"
890377395433295872,1,0,"@emx3_ Hey, you do!","2017-07-27 01:04:48"
890377317725474816,0,0,"@DillTrill_ A good","2017-07-27 01:04:29"
890377188977127426,0,0,"@christinatina11 Thanks !!","2017-07-27 01:03:58"
890368446076264449,40,18,"I don't deserve this","2017-07-27 00:29:14"
890365490891239428,2,0,"@lyssadsantiago Thank u sooo much!!!","2017-07-27 00:17:29"
890355754233995264,14,1,"o fuck https://t.co/IW6bxhpgaz","2017-07-26 23:38:48"
890341179191152640,0,0,"@go1dnoelia Thank u baby","2017-07-26 22:40:53"
890310417049890818,0,0,"@Michaael_14 💀💀","2017-07-26 20:38:39"
890309532756398081,1,1,"@briannaamarii Thank u baby","2017-07-26 20:35:08"
890268471560372224,1,0,"@ErnesArthur Awwww thank u 💞💗💓💖","2017-07-26 17:51:58"
890265411983474689,1,0,"@Michaael_14 Mhmmmm","2017-07-26 17:39:49"
890264943886553088,1,2,"@Michaael_14 Ihy michael","2017-07-26 17:37:57"
890264888337104898,0,0,"@jsteele28007 thank u 💖💗💓","2017-07-26 17:37:44"
890229982752116737,6,3,"I've never felt lonelier https://t.co/SVWBgpj0mf","2017-07-26 15:19:02"
890227833968132096,1,0,"I think I'm fucking sick","2017-07-26 15:10:29"
890202584706895872,1,1,"@guerreroemilyy I love u so much","2017-07-26 13:30:10"
890137343260332032,3,0,"You are itching to stir up a little mischief at work now, but ... More for Pisces https://t.co/Yzx7MJY7d1","2017-07-26 09:10:55"
890101985395003392,349,252,"Who's tryna come over and watch these 😤😤😤 https://t.co/d1Y7zBw1jQ","2017-07-26 06:50:25"
890084133774520322,124,111,"fuck my fucking heart hurts","2017-07-26 05:39:29"
890080678976663552,1,0,"@fwmheifer aww","2017-07-26 05:25:45"
890080307747094529,1,0,"@Chrisdope_ Stay strong I got you, dm me If anything","2017-07-26 05:24:16"
890077094402805761,1,1,"@gerrieortiz22 Yayyy","2017-07-26 05:11:30"
890075011196825600,1,0,"@AuhsojTtenrab Josh ihy","2017-07-26 05:03:14"
890072121262690306,1,0,"@Nicolerussell01 I love yo u","2017-07-26 04:51:45"
890069527647723520,1,0,"@hystericalrice ya people suck","2017-07-26 04:41:26"
890068718675480576,1,0,"@nicoletoviass SO R U LMG","2017-07-26 04:38:13"
890061794659708928,1,1,"@noorgggggg I love you gf","2017-07-26 04:10:43"
890061755707162624,1,0,"@jerrywavess Thanks","2017-07-26 04:10:33"
890060860554719232,1,1,"@sharsoconceited I love u thank u","2017-07-26 04:07:00"
890058626714435584,73,22,"I tell people my age and they disappear lmaooooifuckinghatemylifeoooo","2017-07-26 03:58:07"
890057831138959361,1,1,"@bria_briaaa Ily","2017-07-26 03:54:58"
890056895217750021,1,0,"@victoria_ann99 💖","2017-07-26 03:51:14"
890055609575407616,1,0,"@cali_juring ur better but ily","2017-07-26 03:46:08"
890055569373110273,0,0,"@cesarvaca2502 I love you Cesar 😢😢","2017-07-26 03:45:58"
890055525374808065,1,1,"@jadee_ella I love you jade","2017-07-26 03:45:48"
890054531433861120,1,1,"@SpiritualOraa Thank u ah","2017-07-26 03:41:51"
890053598779932672,1,1,"@destinycrystall Thanks you baby","2017-07-26 03:38:09"
890053256335982592,1,1,"Nice caption🤔💗 https://t.co/owOCidbR28","2017-07-26 03:36:47"
890053184684781569,1,1,"@callierogers0 Ily bestfriend","2017-07-26 03:36:30"
890053156868149248,1,1,"@rociioalmonte THANK U SO MUCH BABY","2017-07-26 03:36:23"
890052520994893825,971,114,"🌀🔆 https://t.co/CujWMkICWE","2017-07-26 03:33:52"
890047838041853952,50,32,"you boys give me more and more reasons everyday why I shouldn't trust y'all","2017-07-26 03:15:15"
890043651354742786,6,1,"MY GIRL IS SO POPPIN HOLY FUCK https://t.co/NmSB5H4YS2","2017-07-26 02:58:37"
890029777364688897,11,4,"It's like I'm here on the outside but not on the inside","2017-07-26 02:03:29"
890023648362471424,6,0,"even if it's not with me","2017-07-26 01:39:08"
890022839050436611,39,37,"I'm happy you're happy","2017-07-26 01:35:55"
890020286522941440,1,1,"@poolboy_kam Thank u","2017-07-26 01:25:46"
890009415767793665,66,62,"I don't wanna feel this way anymore","2017-07-26 00:42:34"
890009143897186305,0,0,"@Nicolerussell01 It fucking sucks","2017-07-26 00:41:30"
890006588643303425,1,0,"@TwinSnake34 Fuck I'm sorry","2017-07-26 00:31:20"
890004876666822657,147,72,"have you ever been so sad to the point where it physically hurts you??","2017-07-26 00:24:32"
890000969223856128,0,0,"@_elenarodmaria Ima repost them tonight but thank you so much 😭😭","2017-07-26 00:09:01"
889998896038129664,1,1,"@Nicolerussell01 I love u bff","2017-07-26 00:00:46"
889995297413365760,0,0,"@londiiizzzz ahhh ilyyy","2017-07-25 23:46:28"
889992124028071937,7,1,"😍😍!! https://t.co/rQXhGqfKrq","2017-07-25 23:33:52"
889991438716612610,3,1,"NIKKI YOURE FUCKING CUTE https://t.co/8DCnldZEcO","2017-07-25 23:31:08"
889990056139780105,1,0,"@miaasliffee Thank u baby","2017-07-25 23:25:39"
889990000066138117,1,1,"@imighhtbe Thanks. 💞","2017-07-25 23:25:25"
889954786963050497,31,33,"Maybe it's all for the best, but I just don't see any good in this","2017-07-25 21:05:30"
889903901499117568,0,0,"@AndreaM424 ):","2017-07-25 17:43:18"
889869420096618496,1,0,"@E_Yildirim_G Thank you baby","2017-07-25 15:26:17"
889773575321694208,3,0,"You are itching to stir up a little mischief at work now, but ... More for Pisces https://t.co/Yzx7MKfI4z","2017-07-25 09:05:26"
889756531696295936,0,0,"@hesseld830 Nooooo","2017-07-25 07:57:42"
889746193022169088,1,0,"@mikaeIavergara thank u baby (,:","2017-07-25 07:16:37"
889736394440151041,1,1,"@sheeeeriex3 thank u baby !!!","2017-07-25 06:37:41"
889733584713646080,1,0,"@baekole @karimmmee Pretty baby","2017-07-25 06:26:31"
889728319662563329,186,95,"It kills me that I've gotten this far without you and still turn my head back to look at what once was","2017-07-25 06:05:36"
889726743917068288,0,0,"@Nicolerussell01 Nope","2017-07-25 05:59:20"
889726722278432768,1,0,"@MistressDianaUK Thanks baby","2017-07-25 05:59:15"
889725997171527680,1,1,"@Nicolerussell01 how much better can u get wth ur amazing","2017-07-25 05:56:22"
889724756857167873,430,313,"being ignored is the worst feeling ever especially if it's by someone you really wanna talk to","2017-07-25 05:51:26"
889721854100951040,43,10,"anyone tryna talk","2017-07-25 05:39:54"
889711142733586433,30,19,"Hit the dms","2017-07-25 04:57:21"
889708688738578433,185,195,"i wish you the best of all this world can give","2017-07-25 04:47:36"
889708013266886656,0,0,"@AbigailAllison8 @ThanhvanN @newdejwhodis Thanks baby","2017-07-25 04:44:54"
889703772657782784,480,415,"it's so sad when you feel like things are finally coming together but then suddenly outta nowhere it just blows up in your face","2017-07-25 04:28:03"
889693738964013056,1,1,"@leixloha I love u thank u","2017-07-25 03:48:11"
889693534370050049,1,1,"@Jacooobbbbbbb I miss u too","2017-07-25 03:47:22"
889678079970484225,1,0,"@goldtittymilk Thank u baby","2017-07-25 02:45:58"
889677709965742080,0,0,"@goldtittymilk Thanks baby","2017-07-25 02:44:30"
889670606853111809,1,0,"@cynthiaram0s Thank u sweet girl","2017-07-25 02:16:16"
889670435012575237,32,13,"Atleast I got the closure I wanted .. even though it didn't go my way. Right?","2017-07-25 02:15:35"
889667141326307328,1,0,"@meerraaff Thank u","2017-07-25 02:02:30"
889660394394058752,5,2,"you almost had me there","2017-07-25 01:35:41"
889659372506427400,42,56,"it was good while it lasted","2017-07-25 01:31:38"
889640172366770177,0,0,"@lolllip0p Dm me","2017-07-25 00:15:20"
889636956799467522,128,118,"I wanna talk to new people 😕","2017-07-25 00:02:33"
889622266589458432,1,0,"@brandymariie Pretty","2017-07-24 23:04:11"
889618408274350082,5,0,"@ailaoa I know 🤦🏻‍♀️ but I don't have a shot w the real you 😤 so Ima just go find a catfish you who will love me 💀💀","2017-07-24 22:48:51"
889617288542003201,0,0,"@ailaoa Ima just fw ur catfish accounts 💓💖💞","2017-07-24 22:44:24"
889616419624820740,1,0,"@Chrissvx Noooo","2017-07-24 22:40:57"
889614843199836161,10,2,"Catfish or real one?? 🤔 https://t.co/dYiY6SNN63","2017-07-24 22:34:41"
889596487134568449,135,81,"Who's looking for something real ?","2017-07-24 21:21:45"
889583602027159552,1,0,"@saraih1yo thank you baby","2017-07-24 20:30:33"
889582426024022017,48,27,"just one of those ""I'm not good enough"" days","2017-07-24 20:25:52"
889579193389940736,1,1,"@cantu_natalie @liyah6146 SO PRETTY","2017-07-24 20:13:01"
889538645140615170,1,0,"@madisonlnae @TXMANEE heyyyy thank you","2017-07-24 17:31:54"
889537466671280134,1,0,"@Kaywalty5 Thank you baby***!!","2017-07-24 17:27:13"
889537252317163521,0,0,"most accurate tweet😤😤 https://t.co/ZjGPQVeF2e","2017-07-24 17:26:22"
889537128056729600,0,0,"@TXMANEE Ur right lmao","2017-07-24 17:25:52"
889530841268973569,1,0,"@NikiSmiith @kool_kid_angell Thank u baby","2017-07-24 17:00:53"
889529564350881792,1,1,"@imb3v3rly Thank u my love!","2017-07-24 16:55:49"
889411186407596033,2,0,"Although your feelings are running deep, you grow more lighthe... More for Pisces https://t.co/Yzx7MKfI4z","2017-07-24 09:05:25"
889373272290328577,37,10,"Dm me If ur up","2017-07-24 06:34:46"
889368226056073217,0,0,"@_Chowder909 Lmaooo","2017-07-24 06:14:43"
889360860770164736,22,11,"Don't do this pls not again","2017-07-24 05:45:27"
889359464280797185,2,1,"@bria_briaaa HAPPY BIRTHDAY BADDIE I LOVE YOU THANK U FOR ALWAYS HAVIN MY BACK😤😤😤","2017-07-24 05:39:54"
889357459550339074,35,41,"I'm so fucking bored","2017-07-24 05:31:56"
889345117798232064,53,23,"I drop guys so easily it's bad","2017-07-24 04:42:53"
889342058057650181,25,7,"Hmu","2017-07-24 04:30:44"
889322888075104257,1,1,"@cantu_natalie Girl ily","2017-07-24 03:14:33"
889322328152256514,29,12,"who's tryna ft later 😤😤","2017-07-24 03:12:20"
889317635606941696,37,22,"I hate sharing my music with people because I'm afraid they're gonna judge me and think I'm some weirdo","2017-07-24 02:53:41"
889316731939942401,9,0,"To all the people actually sending me music. I love you.","2017-07-24 02:50:06"
889315632751181825,1,1,"@Nicolerussell01 Yay):","2017-07-24 02:45:44"
889315610307506176,0,0,"@rep646 I'm weak","2017-07-24 02:45:38"
889314837985185792,67,19,"In need of a sugar daddy 😤","2017-07-24 02:42:34"
889314714538389504,8,1,"Dm me sad songs","2017-07-24 02:42:05"
889313819322974210,1,0,"@thatjanandjuice Thank you","2017-07-24 02:38:31"
889313090524917761,29,18,"im sad lmao surprise surprise right","2017-07-24 02:35:38"
889298039642484737,1,1,"@Nicolerussell01 It misses u too):","2017-07-24 01:35:49"
889297857311911936,1,0,"@Nicolerussell01 I miss u so much","2017-07-24 01:35:06"
889291715806363650,79,41,"Forget a ""hot"" selfie I'm tryna see you with a breadstick in your mouth or sum","2017-07-24 01:10:41"
889284911189962752,0,0,"@HairWeaveKiilla Ily thx","2017-07-24 00:43:39"
889229182730940416,1,0,"@lilszerrr Dm me ur #!","2017-07-23 21:02:12"
889221566453747716,0,1,"@dessiirree_ Thank u baby","2017-07-23 20:31:57"
889220621833560064,14,0,"If I haven't texted you I'm sorry I'm just out rn and haven't been on my phone","2017-07-23 20:28:11"
889198248279367680,9,0,"@jizzsiclle @ThanhvanN aw","2017-07-23 18:59:17"
889191225621983232,0,0,"@3LIWITHTHESAUCE Ya💀","2017-07-23 18:31:23"
889159677044551681,1,0,"@kavila_24 Thank u so much pretty girl!","2017-07-23 16:26:01"
889052109764792320,0,0,"@uItrasilence 💓💓💓","2017-07-23 09:18:35"
889050170851287045,1,0,"@Jonbinos 💗💞💓💞💞💖","2017-07-23 09:10:53"
889049782743957504,1,0,"@Jonbinos Ur feet r kinda ugly","2017-07-23 09:09:20"
889048788249198593,0,0,"Although your feelings are running deep, you grow more lighthe... More for Pisces https://t.co/Yzx7MKfI4z","2017-07-23 09:05:23"
889041451639820288,1,0,"@lyssadsantiago Yes ilysmmm","2017-07-23 08:36:14"
889040728982261760,1,0,"@lyssadsantiago Awww I love u","2017-07-23 08:33:22"
889026460496875520,25,27,"Slide in my dms","2017-07-23 07:36:40"
889021728235692032,0,0,"@_lela00 💞💞💗💗","2017-07-23 07:17:51"
889019787573170176,5,1,"@itslenhoe I love u 🤷🏻‍♀️","2017-07-23 07:10:09"
889018361073602562,1,0,"@_lela00 Thank u baby","2017-07-23 07:04:29"
889017703113125888,3,0,"@cassieejacksonn Thank u","2017-07-23 07:01:52"
889017398216581120,1,0,"@caddie_rosas Thank u","2017-07-23 07:00:39"
889016288366002177,6,0,"@litarodriguez_ Thank u so much wow","2017-07-23 06:56:14"
889009177586262016,1,1,"@dcab25 I miss u","2017-07-23 06:27:59"
889004370687385601,51,26,"Who's up 😤","2017-07-23 06:08:53"
888998644749406208,3,0,"@rodrguzerica Thank u baby","2017-07-23 05:46:08"
888994420162482176,1,0,"@gloanaly Thank u so much !!","2017-07-23 05:29:21"
888990628939538432,46,35,"Someone text me ):","2017-07-23 05:14:17"
888987829799456768,0,0,"@vxleriaa_ Ily","2017-07-23 05:03:09"
888987630335078401,1,1,"@gracielennonx Thank u omg","2017-07-23 05:02:22"
888986363634364417,1,0,"@vxleriaa_ Thank u so much wow","2017-07-23 04:57:20"
888982959809810432,23,16,"is someone down to talk otp","2017-07-23 04:43:48"
888982896018673664,10,1,"My friends just call me to rt their pic 😐","2017-07-23 04:43:33"
888975155204173824,47,17,"To anyone who Is sad or feels like they're alone.. you're not. I'm here for anybody and everyone who needs someone to talk to just dm me","2017-07-23 04:12:48"
888970915987566597,3,0,"clay ily wherever u are💛","2017-07-23 03:55:57"
888970014572892160,15,8,"And the worst part is there's nothing you can do but just watch them","2017-07-23 03:52:22"
888969909497204736,121,109,"It's sad to see someone you care for and think so highly of go the wrong path","2017-07-23 03:51:57"
888969677258596353,37,32,"This fucking hurts","2017-07-23 03:51:01"
888968489557536768,1,0,"@Kevin7Gonzalez Kevin stop","2017-07-23 03:46:18"
888967680904114176,1,0,"@kelseyxxbaker Cute 💖💗😤😤😤","2017-07-23 03:43:06"
888967655771824130,1,0,"@kelseyxxbaker So cuye","2017-07-23 03:43:00"
888967433561796608,7,0,"I just rubbed coco butter all over me and I smell and feel sooo good","2017-07-23 03:42:07"
888963478756708353,1,1,"@aye4clay Clay I text u back all the time 😤😤😤","2017-07-23 03:26:24"
888954950948192256,28,4,"someone talk otp with me tn!","2017-07-23 02:52:30"
888950983321112578,119,103,"If you're a terrible texter Ill most likely not be attracted to you anymore","2017-07-23 02:36:44"
888925185994346496,1,0,"@ohjoyo I love u","2017-07-23 00:54:14"
888916674950443008,1,0,"@haileeapplewood Thanks girl","2017-07-23 00:20:25"
888913647485038592,2,0,"@cruzhali7 💛","2017-07-23 00:08:23"
888910957971472384,237,135,"And then kiss tf outta them? Yes all the time https://t.co/TNbvglfimr","2017-07-22 23:57:42"
888897357642956800,1,1,"I miss u @Nicolerussell01","2017-07-22 23:03:39"
888896559429156864,1,0,"@madieee18 Yep","2017-07-22 23:00:29"
888894903253708800,0,0,"@gl3_9ya7 It makes me wanna die","2017-07-22 22:53:54"
888888282364465152,1,0,"@JPena_02 Ahh ily","2017-07-22 22:27:35"
888877049892438017,0,0,"@JjLitTv Haha thanks","2017-07-22 21:42:57"
888876676792418304,0,0,"@tallandmexican It'll come to you","2017-07-22 21:41:28"
888867011291467776,1,1,"@kermit_freak Ilysm","2017-07-22 21:03:04"
888865966632951808,1,0,"@kermit_freak Thank u.","2017-07-22 20:58:55"
888857531648540672,0,0,"@cesarvaca2502 Ily","2017-07-22 20:25:24"
888854797755011072,32,34,"I hate seeing people I care for be so sad","2017-07-22 20:14:32"
888847073235415041,5,0,"@savannahsmith81 Thank u so much wow ilyy","2017-07-22 19:43:50"
888835024530886657,170,136,"I wish I had someone to just be in bed with","2017-07-22 18:55:58"
888813861360611328,1,0,"@Living_Clueless Thanks 💘","2017-07-22 17:31:52"
888697465435828224,0,0,"@JjLitTv I love you thanks","2017-07-22 09:49:21"
888696337759432706,1,0,"@JjLitTv Wow. Thank you. I love you.","2017-07-22 09:44:52"
888694903903051780,19,26,"I'm stupid","2017-07-22 09:39:10"
888694559726870528,74,4,"@ThanhvanN I'm sorry damn","2017-07-22 09:37:48"
888694351525761024,0,0,"@daddehkella Ily","2017-07-22 09:36:59"
888686423427108865,0,0,"Although your feelings are running deep, you grow more lighthe... More for Pisces https://t.co/Yzx7MKfI4z","2017-07-22 09:05:28"
888680514349129728,340,160,"I pray everyday for this https://t.co/TsVsYtiGZB","2017-07-22 08:42:00"
888680283133931520,86,56,"I'd be lying if I said I could live this life without ya","2017-07-22 08:41:05"
888675206453227521,35,42,"Why am I up","2017-07-22 08:20:54"
888673785141841920,1,0,"@eyleencarrillo ):","2017-07-22 08:15:15"
888666166260092928,1,0,"@itslenhoe Bet","2017-07-22 07:44:59"
888657163970912256,0,0,"@IncredibleAlee ):","2017-07-22 07:09:12"
888647814053584896,1,0,"@elenughh Thank u baby 💓","2017-07-22 06:32:03"
888646926941466625,1,0,"@J6hkey Thanks bb💛","2017-07-22 06:28:32"
888639720422612993,0,0,"@whosyomammii Thank u tho","2017-07-22 05:59:54"
888639691871981568,0,0,"@whosyomammii I love him he's great","2017-07-22 05:59:47"
888639565627609089,1,1,"@daarlenee_ Ily","2017-07-22 05:59:17"
888639489110937600,2,0,"@bbybenaa 💛","2017-07-22 05:58:58"
888638425389309952,7,1,"@annielealll /:","2017-07-22 05:54:45"
888634486484631552,1,0,"@daisyisbomb I love u too 💞","2017-07-22 05:39:06"
