"id","favorite count","retweet count","text","created at"
894902543511408640,0,0,"Even tho Im pregnant and the reason I got clean was bc this baby Im honestly so fucking proud of myself like this is what it means to love.","2017-08-08 12:46:07"
892102819146235904,0,0,"Me af https://t.co/ZwncYsiOdc","2017-07-31 19:21:01"
890398291313274881,0,0,"I want some pasta.","2017-07-27 02:27:50"
889612951606353921,1,0,"If we ever dated there is a 95% chance I still have at least one photo of us just because I thought I looked good in it.","2017-07-24 22:27:10"
888985413217550336,0,0,"This is like the first time in a long time I haven't smoked in 3 and a half months. This child better cure cancer.","2017-07-23 04:53:33"
886326331797098497,3,2,"When your boyfriend points to your stretch marks and asks what you did to yourself... no homie you did this. #babybump","2017-07-15 20:47:19"
884994811777961984,0,0,"When you actually start talking to your Co workers and find out everyone is so scandalous and you thought they were innocent","2017-07-12 04:36:20"
884967654913695744,0,0,"She even makes tan lines look hot. https://t.co/8oC30Lw3Co","2017-07-12 02:48:25"
884967142839513088,0,0,"I'm simmering cinnamon on my stove for the smell, can't wait for the disappointment of my boyfriend when he realizes I'm not baking.","2017-07-12 02:46:23"
884502899484655616,0,0,"I'm gonna say yes. https://t.co/27S9LCIAl1","2017-07-10 20:01:39"
884502831184654336,0,0,"To everyone who thinks they still matter to me. Ha https://t.co/7RJA95FJaF","2017-07-10 20:01:22"
884501714535149568,0,0,"Till you get your check https://t.co/qOqpq6otTn","2017-07-10 19:56:56"
884481183249313793,0,0,"Hoodie Allen is my happiness. 💕","2017-07-10 18:35:21"
884411194299338752,0,0,"lol","2017-07-10 13:57:14"
884408737905115136,0,0,"#letmegetadog #endsadness #familyplanning #thisisagoodidea https://t.co/2ccXKPBy8p","2017-07-10 13:47:29"
884403943794765824,0,0,"Honestly my tweets are so much better when I'm sad but it doesn't really matter because I don't have enough followers to appreciate it.","2017-07-10 13:28:26"
884402165082722308,0,0,"This is what happens when you don't let people do what they love. He just wanted to play beautiful music but yall j… https://t.co/H5r151zbOV","2017-07-10 13:21:22"
884401030070448132,0,0,"Me: Being sad is so 2011.
Me this morning: Hello depression https://t.co/tP7sQPp2py","2017-07-10 13:16:51"
884400174981943296,0,0,"How am I supposed to know if he fuck good then? Shit I don't wanna be stuck with someone forever if they can't make… https://t.co/BRtepYyYqc","2017-07-10 13:13:27"
884399946480447489,0,0,"I just coughed and it made me almost throw up. I hate my body.","2017-07-10 13:12:33"
884398580739526657,1,0,"Sibling goals. https://t.co/NLIVTFqvI7","2017-07-10 13:07:07"
884396921741291521,0,0,"Oh yay, I can feel that depression settling in. Making its self right at home. It's been a while old friend.😧","2017-07-10 13:00:32"
882768296151592960,0,0,"I'm supposed to be doing laundry rn.","2017-07-06 01:08:57"
882768021399511040,1,0,"I don't know how my bf deals with living with me, I'm the laziest human ever and all I ever do is blast our AC and make our bill go up.","2017-07-06 01:07:51"
880907543614279680,0,0,"I fucking hate my boyfriend. If someone makes puking sounds around me I will throw up, if you wanna test it ima throw up on you.","2017-06-30 21:54:59"
880842466185949184,0,0,"My boyfriend kinda acts like a toddler sometimes.","2017-06-30 17:36:23"
880146870156263429,0,0,"I have a very lame life for someone my age.","2017-06-28 19:32:20"
880144289900179456,1,0,"Everything is better at night. https://t.co/mDLUv00EQC","2017-06-28 19:22:05"
880143960341176321,0,0,"💜💜💜 https://t.co/VVpydNtUZR","2017-06-28 19:20:47"
879906930537451526,0,0,"My boyfriend is literally sitting on the toilet talking to his best friend on the phone. #friendshipgoals","2017-06-28 03:38:54"
879876657112285184,0,0,"I hate when someone texts me out of the blue and I already know they're going to ask for something....","2017-06-28 01:38:37"
879865957262520320,0,0,"Martha is prettier then most humans I know. Shit Martha is prettier then me. https://t.co/VDVIgofDk7","2017-06-28 00:56:05"
878463539274448896,0,0,"I'm the biggest baby ever I swear.","2017-06-24 04:03:23"
878455081083056128,0,0,"I miss my boyfrienddddd.","2017-06-24 03:29:46"
878453156530843648,0,0,"Makes me really mad when people die, especially suicides and all of a sudden everyone was there bff dont lie you still have right to be sad.","2017-06-24 03:22:08"
878443655853469696,0,0,"Let's just be glad I'm not a depressed little emo kid anymore,,, on the outside. https://t.co/VX5pgiZZ97","2017-06-24 02:44:22"
878436412638588929,0,0,"Not condoning drugs but a while back,I was running late to work and had to walk so I hit my dude up for green and a ride came thru💯","2017-06-24 02:15:35"
878115673037086721,0,0,"I'm the type of girl that if you say your somewhere and I don't believe your lying ass I'll drive over there. I'm extra.","2017-06-23 05:01:05"
878038839058718720,0,0,"So my bf got a second job, he'll be gone almost everyday now from 7am-10pm. I'm gonna be so lonely","2017-06-22 23:55:47"
877963576907972610,0,0,"Sometimes he can be sweet. https://t.co/wuMvF6o53H","2017-06-22 18:56:43"
877909844161855489,0,0,"My man https://t.co/zZ2CqLh0Mt","2017-06-22 15:23:12"
876915408443494400,1,0,"Better fucking retweet, I ain't risking this shit. https://t.co/WmkREMwdzJ","2017-06-19 21:31:40"
876914557624700928,1,0,"Really not excited for my bf to come home from work and see me in the same spot with diff food as he left this morning.","2017-06-19 21:28:17"
876913029723455490,1,0,"If I could just find a job that would support these goals. https://t.co/FU9X3TaGPZ","2017-06-19 21:22:13"
876909812268904450,0,0,"Me https://t.co/IqKQYUsfUg","2017-06-19 21:09:26"
876909405823918080,0,0,"Its so good, in a kinda creepy way but good none the less. https://t.co/w4Kf8DBtt0","2017-06-19 21:07:49"
876829914586132480,1,0,"Its so hard being a girl who loves photos and memories dating a guy who hates photos of himself. I've been w him for months and have 10 pics","2017-06-19 15:51:57"
876824908742963200,1,0,"Same. https://t.co/A1WLbdwt11","2017-06-19 15:32:03"
876179443814936576,1,0,"I was wondering if you could possibly do some photos for me? Could you DM me if you could. 😊@SabraTeel","2017-06-17 20:47:12"
876163087195398144,0,0,"I have this irresistible desire to run away to Cali everytime I have issues, and its so hard to stop myself, I know its not gonna be better.","2017-06-17 19:42:12"
876137770636509184,1,0,"My boyfriend ate all my candy and I've never wanted to punch someone more.","2017-06-17 18:01:37"
875905742418702336,0,0,"Bfs mad at me because I'm mad at him, I fucking hate people who pull that shit. Dumbass, throw your tantrum.","2017-06-17 02:39:37"
875732493961486337,1,0,"The fact that my step mum who I hated about 2 years ago is pretty much my bestfriend astonishes me.","2017-06-16 15:11:11"
875359672013926401,0,0,"Me: I need to get off my phone and get ready for work.
Also me: ima check twitter real quick.","2017-06-15 14:29:43"
875359474332176384,1,0,"Next time I move I will have washer dryer hook ups, so tired of using public laundry mats. 😕","2017-06-15 14:28:56"
874663795880341504,1,0,"I gave him a choice and tbh still upset I'm not getting a dog.","2017-06-13 16:24:34"
874371724023910400,0,0,"Some one tell me I'm not the only person who smells my dishes to see if they're clean.","2017-06-12 21:03:58"
874370302943383554,0,0,"My boyfriend bought the cutest little tea bags I love them. 💜 https://t.co/UT8IAAf3A8","2017-06-12 20:58:19"
874352934687002626,0,0,"Can I hire a husband for a day to rub my back and be sweet? My boyfriend sucks at back rubs, and bitches the whole time.","2017-06-12 19:49:18"
874352525524316162,0,0,"Inspiration💞 go girl. https://t.co/7EfMt8J6sb","2017-06-12 19:47:41"
874299935042281472,0,0,"I feel like shit.","2017-06-12 16:18:42"
873678444768485376,0,0,"Hell motherfucking no. https://t.co/f1CDrHe20u","2017-06-10 23:09:08"
873312204757532672,0,0,"How I feel currently https://t.co/qBb1UCJkfM","2017-06-09 22:53:49"
873311775239917568,1,0,"Now just wishing I wasn't broke so I could buy more decor.","2017-06-09 22:52:07"
873311650664902656,1,0,"Should be all moved into mine and loves apartment by sometime tomorrow. Can't wait I've been waiting so long.","2017-06-09 22:51:37"
873305960885956608,1,0,"Honestly night mode on Twitter just looks so visually appealing. 👽🌚","2017-06-09 22:29:00"
873265561240842245,0,0,"Sorry y'all get to keep living pointless lives in a small town. 😂 Kidding love my MV. 💜 https://t.co/1hg2SRg6xN","2017-06-09 19:48:28"
873265105252868097,3,0,"Curves just make me speed up kinda like on Mario Kart https://t.co/WtGcG4esRL","2017-06-09 19:46:40"
873264278287024128,1,0,"So like my job always let's me off early and I'm mostly like yus this is wonderful but then I think about my check and ehhh. 😕","2017-06-09 19:43:23"
873192542547914752,0,1,"Food. https://t.co/UrxOHVrI65","2017-06-09 14:58:19"
872943124682854402,0,0,"I really love grapes.","2017-06-08 22:27:14"
872867701781393408,0,0,"My boyfriend is the best, he's trying so hard to fix all this bs I got myself into.","2017-06-08 17:27:31"
871843489323130881,1,0,"Why does my car use so much damn gas.","2017-06-05 21:37:40"
871083652049973248,0,0,"How does one make friends?","2017-06-03 19:18:21"
871083543232995329,0,0,"Forever wishing I had a female friend, to do girl stuff with.","2017-06-03 19:17:55"
871083266312372229,0,0,"I need to find a good place in Springfield to get my eyebrows done.","2017-06-03 19:16:49"
871078050502512641,0,0,"I hate wearing bras, I wish women could just not wear them. That'd be nice.","2017-06-03 18:56:05"
870434826997944325,0,0,"I will always remember there was this one day I got really drunk and told my boyfriend I didn't like his name. It just makes me laugh now.","2017-06-02 00:20:09"
867555944900820992,0,0,"When your boyfriend makes you mad so you just send him passive aggressive memes. https://t.co/0LKU4hetNa","2017-05-25 01:40:30"
867528062212165633,0,0,"Boyfriend going back to his job where he was a hoe, gonna have to murder everyone.","2017-05-24 23:49:42"
866701447559303168,0,0,"Re tweeting because who does this. https://t.co/AqKUR0YSeC","2017-05-22 17:05:02"
865972839786188800,0,0,"You know your a jealous gf when you be hearing his phone going off in the other room and wanna interrogate him.","2017-05-20 16:49:48"
865087135464001536,0,0,"I have such a great boyfriend.💞","2017-05-18 06:10:20"
864931496817307648,0,0,"👣💞","2017-05-17 19:51:53"
864912965140709376,0,0,"Planned Parenthood kinda sucks tbh they give options for when you dont want to have a baby but when you do they turn you away. #friendsprego","2017-05-17 18:38:14"
864170186324291585,0,0,"I don't know why I always feel so lost all the time. I mean my life sucks but others have it worst then I do.","2017-05-15 17:26:42"
864167322474381313,0,0,"#blessed","2017-05-15 17:15:19"
864167268879618049,0,0,"My boyfriend can't cure my anxiety but he can give my some relief by running his fingers through my hair and telling me stories till I sleep","2017-05-15 17:15:07"
864166528329056261,0,0,"I'll give it to you no interruption. 👌","2017-05-15 17:12:10"
863952056939425792,1,0,"My boyfriend doesn't use social media so I take it upon myself to text him all the memes he's missing out on.This is how I contribute to us😂","2017-05-15 02:59:56"
863926291929681920,0,0,"I got over them but I still get sad about them sometimes. https://t.co/H3kQ1e19p4","2017-05-15 01:17:33"
863903544486842370,1,0,"When you wanna call your grandma and wish her happy mothers day but your just to lit rn.","2017-05-14 23:47:10"
863420926024712200,1,0,"Graduating online was fast and easy but, I definitely missed out on some memories. I mean its not like I had friends to begin with.","2017-05-13 15:49:25"
863414073060413441,1,0,"You don't realize how bad your insta is until a family member/teacher/co worker starts following you.Then I'm like sorry folks and block em'","2017-05-13 15:22:11"
863243449641955328,0,0,"Need more good friends, the kind you can talk to. You know the kind that cares.","2017-05-13 04:04:11"
863243211762016256,1,0,"My boyfriend is the greatest. He said I can go to this party but, I kinda changed my mind bc I'd rather stay home with him..💞","2017-05-13 04:03:14"
863170640240619520,0,0,"I wish a males large tee shirt was the same size as a females large tee shirt. I would be like a small in that case.","2017-05-12 23:14:52"
863072601396137984,1,0,"I got a new turtle https://t.co/ifklY8PnrA","2017-05-12 16:45:17"
862541882366316544,0,0,"High, how are you?","2017-05-11 05:36:24"
862533048449085440,0,0,"I'm always just waiting for him to get home, every night that's my high light.🌌💫","2017-05-11 05:01:18"
862459930061795328,0,0,"Jen always reminding the world of the goddess she is.😍 https://t.co/A2s1EuTSYw","2017-05-11 00:10:45"
862457862089564160,1,0,"Hells yeah https://t.co/Y5QIxoFCzI","2017-05-11 00:02:32"
862457685551271936,3,2,"Dream in life: Sabra to do my make up, that highlight. 💞 https://t.co/ZFHdJhMmHe","2017-05-11 00:01:50"
862456751110729728,0,0,"I only receive complements on my driving when I'm high as shit. What do they expect I can't get a fucking ticket. Lol 😊","2017-05-10 23:58:07"
860372540446953472,0,0,"I'm giving up, I'm giving up slowly. I'm blending in so you won't even know me.","2017-05-05 05:56:13"
860370765992132608,1,0,"Dude, same. https://t.co/vLfO07DdYp","2017-05-05 05:49:10"
860370534592376834,0,0,"It's okay he's still sitting in my living room, I wonder where he'll go.","2017-05-05 05:48:15"
860369729365651456,0,0,"Losing my boyfriend, could be getting a cat though...","2017-05-05 05:45:03"
860369556149329920,0,0,"I might be getting a little kitten, I don't want him to go to the pound so it's a possibility.","2017-05-05 05:44:21"
860263078394515462,2,0,"Well damn, I want to work at Cox but I'm pretty sure they're going to drug test me. And that's not going to be good. #thc #pothead","2017-05-04 22:41:15"
859673041114202113,0,0,"*boyfriend plays with knife pretending to throw it at me* 
Me: are you gonna throw that?
Him: of course not, can't slicey my wifey.
Lol💞","2017-05-03 07:36:39"
859670240736813056,0,0,"Can't sleep...","2017-05-03 07:25:31"
859396876688388096,0,0,"https://t.co/BQu2Nk1JK9","2017-05-02 13:19:16"
859396709528612864,0,0,"If my ride for work doesn't get here soon they're going to fire me for being late. Can't lose my job rn. Ugh fuck.","2017-05-02 13:18:37"
859236750719414272,0,0,"Taking applications for best friends.","2017-05-02 02:42:59"
859207512037445633,0,0,"He makes me happy.💞 https://t.co/4QWz1pVa1j","2017-05-02 00:46:48"
859204794568908800,0,0,"I'm never going to find a job I like","2017-05-02 00:36:00"
858472001362644994,0,0,"Dude I love weed.","2017-04-30 00:04:09"
858447123335057408,0,0,"Someone bring me a blunt","2017-04-29 22:25:18"
858434491966214144,0,0,"Kinda disappointed that it wasn't the cute delivery boy. 😐","2017-04-29 21:35:06"
858433090238242816,0,0,"Gtg✌ https://t.co/mpExB0sFgM","2017-04-29 21:29:32"
858428241887014912,0,0,"If you live in Springfield 10/10 recommend New House China. They're great, it's the same price as most places but you get way more food.🍛💞","2017-04-29 21:10:16"
858424404535107584,0,0,"Guys, in about 25 minutes my life is going to get so much better.💞🍛
(I ordered Chinese food.)","2017-04-29 20:55:01"
858392887901421568,0,0,"Just a homebody with trust issues. 👽","2017-04-29 18:49:47"
858383197108883456,0,0,"Just a moderately attractive teenager girl with some drug problems. 💀💀💀","2017-04-29 18:11:16"
858361793298784257,0,0,"I don't know if other adults have a hard time being adults or if it's just me because I'm like a fake adult but adulting is so fucking hard.","2017-04-29 16:46:13"
858213818417238016,0,0,"Shoulda just went to the party tonight.🎉","2017-04-29 06:58:13"
858204925490335744,0,0,"Tonight there is light that promises hope.🎶","2017-04-29 06:22:53"
858204804702765056,0,0,"I think my soul has ADHD. 🔮","2017-04-29 06:22:24"
858202601405505537,0,0,"You've got to get yourself sad enough to write anything good, don't you know that kid?","2017-04-29 06:13:39"
858188522435596290,0,0,"Back on Twitter. Need somewhere to bitch. #tweetyourfeeling #lol #imlonley","2017-04-29 05:17:42"
858188172462878721,0,0,"#NewProfilePic https://t.co/Ai9i3APzbq","2017-04-29 05:16:19"
858187965226524672,0,0,"Stayed up late af waiting for bf to get home to spend time with him and he comes in has a shitty attitude then says ""fuck you"". Great. #fml","2017-04-29 05:15:29"
823019412651282432,1,0,"I feel great. 💞","2017-01-22 04:08:13"
801607344807362564,0,0,"High fly","2016-11-24 02:04:18"
785041548039688192,0,0,"Late night sesh?","2016-10-09 08:57:45"
784556940814868480,0,0,"In need of a blunt fr fr.","2016-10-08 00:52:05"
784555506476146688,1,0,"If I snort bleach tablets will I die? and where do I buy those? Kms... #notreally #lol #haha #cripplingdepression 🌞😢🌞","2016-10-08 00:46:23"
783774197021483008,0,0,"I really need to skip this town and go somewhere beautiful.","2016-10-05 21:01:45"
783774003680817152,0,0,"Its so weird to me that people can just move on. I mean I've done it but it's so weird. Like that person was your life.","2016-10-05 21:00:58"
783542439311208448,1,0,"I want lemonade.","2016-10-05 05:40:49"
783435438967054337,0,0,"Super fucking bored but I have no friends.","2016-10-04 22:35:38"
781420829590507520,2,0,"I'm just that friend that loves god and smokes pot. 💖😊","2016-09-29 09:10:18"
781407873347616769,0,0,"Need a pot daddy like a sugar daddy but with the good shit. #dryaf #itsgoneboys","2016-09-29 08:18:49"
781362450721415168,0,0,"Let's get high and call it a day.","2016-09-29 05:18:19"
779231110777536512,0,0,"Boi. It feels good to be alive tonight.","2016-09-23 08:09:08"
777329332653993988,1,0,"Me lol https://t.co/Xcoz4xBZ8P","2016-09-18 02:12:09"
777329155218116609,1,0,"I'm so so so sad.","2016-09-18 02:11:27"
776469447879995394,0,0,"Lucas Price should try and fight me. It would be great. 💯💯💯","2016-09-15 17:15:17"
775867860207886336,0,0,"Sometimes I wish I was single. But then I think about my lovely boyfriend and smile. (: Single life isn't for me.","2016-09-14 01:24:47"
775852470312378368,0,0,"Love the old version and the new(: https://t.co/gaZdQYaekm","2016-09-14 00:23:38"
774531854691033089,0,0,"I'm drunk.","2016-09-10 08:55:58"
774530808950382592,1,0,"I'm just tryna get it.","2016-09-10 08:51:49"
774530266681356289,1,0,"I do not remember posting this. https://t.co/LQBmSbzgUe","2016-09-10 08:49:40"
771207053138202624,0,0,"Foods over dudes. https://t.co/MRjqvXvOHW","2016-09-01 04:44:24"
770961869351727104,0,0,"Wake &amp; Bake. 👌🌞✌","2016-08-31 12:30:08"
770349285946773504,1,0,"I bought myself some fucking Snapple.  Happy Birthday to me. 💕 thanks for making my day @Snapple","2016-08-29 19:55:56"
770301255751045122,0,0,"I wish I could buy myself a fucking cake or something but I'm broke af. 4$ can get me like a drink. #sweetsixteen","2016-08-29 16:45:05"
770160780167614465,0,0,"It's my fucking birthday.","2016-08-29 07:26:53"
767980992229351424,1,0,"I'm in love. I like it a lot. But this time if he leaves I'll be okay because now I love myself too.💞☺","2016-08-23 07:05:11"
767978978971832320,0,0,"This is the phone I want https://t.co/7rOedNdYE5","2016-08-23 06:57:11"
767613745358966785,0,0,"Praying for restoration and healing for my daddy.. haven't spoke to him in a long time but just found out he has arthritis in his back......","2016-08-22 06:45:53"
766494942470385664,1,0,"Damn it. I just want his friends to like me but he's too obsessed to pay attention to them so they hate me.😣","2016-08-19 04:40:09"
766194584560939008,0,0,"@MVHighSchool Great school really. It'll always be an unfinished story in my life but some are better left that way. Starting college soon.♡","2016-08-18 08:46:38"
766180061061914628,0,0,"I'll be a published author in a few days. 💞","2016-08-18 07:48:56"
766150926365184000,0,0,"Fuck. Feelings..","2016-08-18 05:53:09"
765129657406529536,0,0,"I'm going to go out and buy myself flowers for my birthday. I deserve it. 😂 Plus I really love flowers.","2016-08-15 10:15:00"
765108755004436480,0,0,"I only have a twitter to bitch about things and talk about love.","2016-08-15 08:51:56"
765106214409601024,0,0,"I miss having a job..","2016-08-15 08:41:51"
764738023871229952,1,0,"Someone come listen to country music with me and cuddle. 😭 We can play PC games. 😂💋","2016-08-14 08:18:47"
764735954561097728,1,0,"I need more friends on #curse @curseapp","2016-08-14 08:10:34"
764425385203212289,0,0,"Oh no. https://t.co/C5UXmkQVZJ","2016-08-13 11:36:28"
764423532419817472,0,0,"Why don't you be you, and I'll be me.","2016-08-13 11:29:07"
762776522079936512,0,0,"Nothing lasts forever.","2016-08-08 22:24:29"
762117796733915140,0,0,"Everyone has something to be proud of. Mine is, um. Well , one time. Yeah, I got nothing.","2016-08-07 02:46:56"
761432102650781696,0,0,"I want this so fucking bad https://t.co/R9gAVv5R1i","2016-08-05 05:22:14"
761319901537579008,0,0,"Getchu a self confidence like this. https://t.co/82f6EmDuaG","2016-08-04 21:56:23"
760271901923024897,0,0,"Everything","2016-08-02 00:32:01"
759774510283231232,0,0,"Biting your nails is a dirty habit, don't spit them out on the floor  either. Gross.","2016-07-31 15:35:33"
759774281077096453,0,0,"Please take a fucking shower. You nasty.","2016-07-31 15:34:39"
759772435612704768,0,0,"Wishing for peace in my soul.","2016-07-31 15:27:19"
758822912975450113,0,0,"Thinking about leaving in a couple months to spend sometime traveling the world. Yes, I am crazy.","2016-07-29 00:34:15"
758384286391087104,0,0,"So there's this guy, and I think this could be the start to something great.😉💖","2016-07-27 19:31:18"
758375667310354432,0,0,"Guysss, I swear if my life doesn't get extremely better in the next 6 months I'm going to kill everyone.","2016-07-27 18:57:03"
757161632082427905,0,0,"God, please. Because heaven knows I've tried and faild. https://t.co/Ufy4FIEWRJ","2016-07-24 10:32:55"
757161344751677440,0,0,"I actually started crying when I read this... It makes me so sad... I can't even explain why. https://t.co/NDp6EubfxY","2016-07-24 10:31:46"
755199829215555584,0,0,"For real loving having a puppy. Zen Marley is my babe. ❤🐾 https://t.co/zCgSR88j3N","2016-07-19 00:37:24"
754679166914564096,1,0,"I need to join a gym, but I also need some chicken nuggets. 😂❤","2016-07-17 14:08:29"
754678624859459585,0,0,"I'm trying so fucking hard to be happy... So hard. I just, ugh.","2016-07-17 14:06:20"
754678345774751744,1,0,"My life, wow. Looking back I realize how much I've been though. It's a lot... I can only thank god and the people who helped me on my way.❤","2016-07-17 14:05:13"
752248338213330944,0,0,"Fuck my life man, this shit is to hard. Going back to Cali in September.","2016-07-10 21:09:14"
751697745929392128,0,0,"Pissed af, ain't no reason to hate me for my own mistakes. Fuck that.","2016-07-09 08:41:23"
749902341759873025,2,0,"There's been hella parties this weekend.","2016-07-04 09:47:05"
743699659156131840,0,0,"Hell yeah I did https://t.co/JoKp8Yc8lQ","2016-06-17 06:59:50"
743689037722980353,0,0,"I hate my fucking life.","2016-06-17 06:17:38"
733007632659685376,3,0,"#lemonade #what #its 
https://t.co/x9BDcPNuON
#iFunny https://t.co/lZb7QIDjSz","2016-05-18 18:53:32"
729384839833526272,0,0,"R.i.p... Aries... https://t.co/vWojilxJCw","2016-05-08 18:57:51"
729367043829440512,0,0,"I fucking love the smell of rain.","2016-05-08 17:47:08"
728371134358392833,0,0,"This is some true shit. https://t.co/lWXP5xfrIX","2016-05-05 23:49:45"
728009186353754113,1,0,"Idk why but I have some major anxiety rn.","2016-05-04 23:51:30"
727294237218234368,0,0,"I'm not ok.","2016-05-03 00:30:33"
725582326583808000,0,0,"Shit. I can't sleep.","2016-04-28 07:08:01"
725578579652694017,0,0,"Ik. I can't let you be my happiness but damn, when I'm with you I get all bubbly inside. When I'm w/o you I can't stop thinking of you.","2016-04-28 06:53:08"
724795105329061888,1,0,"Guy your talking to won't text back? Post a picture of a close guy friend on social media. Watch, if he cares you'll get a text.","2016-04-26 02:59:53"
724723372613992448,0,0,"Kean bean (: https://t.co/xZtbjYYggS","2016-04-25 22:14:51"
724424183019524098,0,0,"I love you https://t.co/VycNE3I2qr","2016-04-25 02:25:59"
724396500910903297,0,0,"Omg. https://t.co/GCi8AbmNKS","2016-04-25 00:35:59"
724394008248610816,0,0,"Is there a restart button?","2016-04-25 00:26:04"
724393028115255297,1,0,"I'm not meant for love with another person. But love for a good book, travel, and dogs. I can do that.","2016-04-25 00:22:11"
724384166922477568,0,0,"Probably more real on twitter then in real life. Tbh.","2016-04-24 23:46:58"
724366792567611392,0,0,"Why do I feel so empty?","2016-04-24 22:37:56"
724298686621057024,0,0,"I'm too cute to be single.","2016-04-24 18:07:18"
724132123989299200,0,0,"You know, I used to think people always left me but that isn't true. I leave people and then I come back and they turn away.","2016-04-24 07:05:26"
724127747384049664,0,0,"Prom. https://t.co/IXZHOqJNEB","2016-04-24 06:48:03"
723978403473317889,0,0,"Seriously getting tired of this shit.","2016-04-23 20:54:36"
723938967364624384,0,0,"Nails 💅 https://t.co/QxaD2Qyaof","2016-04-23 18:17:54"
723682091234258945,0,0,"Ever been completely fine then all of a sudden you get soooo sad?","2016-04-23 01:17:10"
723560187517239297,0,0,"I wasn't always that kid who has one friend.","2016-04-22 17:12:46"
723322824673267712,0,0,"So excited for this.","2016-04-22 01:29:34"
723226718303997952,0,0,"The worst part of me living is probably that I don't have a loyal dog to share my life with.","2016-04-21 19:07:41"
723225707493490688,0,0,"Jimmy Johns. (: https://t.co/nXQdOJPXER","2016-04-21 19:03:40"
722285836427890688,0,0,"Why I haven't wrote lately. https://t.co/ywIxkVQxa9","2016-04-19 04:48:57"
722267219791511552,0,0,"https://t.co/49Qeil3moL","2016-04-19 03:34:58"
722266634941915137,0,0,"Caught myself missing you, but if a love fails it wasn't love.","2016-04-19 03:32:39"
722264982096719874,0,0,"https://t.co/98Xv5y15wh","2016-04-19 03:26:05"
722263963757445120,0,0,"I'm back. I forgot my password lol.","2016-04-19 03:22:02"
677279567355203584,0,0,"I just want someone who won't leave no matter how many problems I have and girls that are cuter then me.","2015-12-17 00:10:06"
676614119944916992,0,0,"I fall in love too easy...","2015-12-15 04:05:51"
676298573550501888,0,0,"I break my own heart.","2015-12-14 07:11:59"
676152106571530240,0,0,"I feel really numb.","2015-12-13 21:29:59"
670802144530857984,0,0,"I need some new friends. 😕","2015-11-29 03:11:08"
667378255188488192,1,0,"Teacher: He labored everyday.
Stupid peasant: He had a baby everyday?
#thisiswhyihateschool #highschoolorprek","2015-11-19 16:25:49"
667151208423882753,1,0,"Last time I checked, I love you didn't have an expiration date. #daysshouldntbenumbered #timeidweird ⏳","2015-11-19 01:23:37"
665696575964876801,1,0,"I have really good friends.","2015-11-15 01:03:26"
665661388606431232,1,0,"You need your family when things suck, not when your doing well...","2015-11-14 22:43:37"
665602835732520960,2,0,"Ugh, quit getting me in trouble for stupid crap. Just be greatful it wasn't your breaks.😂💜 #crazyexgfproblems","2015-11-14 18:50:56"
665571137938583552,1,0,"I'm just that crazy ex girlfriend. Sorry about your truck BTW. #notreally","2015-11-14 16:44:59"
664990265417949185,1,0,"When a post describes your town. #smalltowns https://t.co/5IZVjzBXBA","2015-11-13 02:16:48"
664934149308874753,1,0,"I wish I knew how people felt just by looking in their eyes, and how to fix them.😕","2015-11-12 22:33:49"
664237099730661376,1,0,"Remember those I love you more  fights? Looks like I won.🍁🍁🍁","2015-11-11 00:24:00"
663567926650245121,1,0,"That's so freaking cute. https://t.co/Iy1gJXOgmK","2015-11-09 04:04:56"
663215601926602753,1,0,"I'm the type of person you don't want as an enemy.😈","2015-11-08 04:44:56"
663212642551508992,1,0,"I really don't know whats going on with my emotions anymore...","2015-11-08 04:33:10"
663210830591201280,1,0,"They don't care that the fires burning they just care who lit the match. #quotebyme #sp https://t.co/1idZCUu715","2015-11-08 04:25:58"
655825663631323136,1,0,"Sometimes I still get sad over you........ Just kidding, go fuck yourself. 😂✌","2015-10-18 19:19:57"
655822541412429824,0,0,"Don't you hate when you want food but, don't want to get up. #thestruggleisreal #firstworldproblems","2015-10-18 19:07:33"
654635433360384000,1,0,"First day back at school, already wanting to go back home . 😩 #sleep","2015-10-15 12:30:24"
652739461231415296,0,0,"No matter the circumstances I'm always sad. Everywhere with anyone. I'm so tired of it. #pursuitofhappiness","2015-10-10 06:56:29"
650474727933259776,0,0,"Girl just do you. If you a slut, be the best one. #haters","2015-10-04 00:57:15"
650368061560647680,0,0,"Pancakes, pumpkin spice coffee, and Friends with Benefits the movie. #goingtobeagoodday","2015-10-03 17:53:23"
649780890034241536,1,0,"People need to understand this https://t.co/ddqBSvqBZS","2015-10-02 03:00:11"
649780011117887488,1,0,"Need friends like this. 😂👌👌👌 https://t.co/ISitMID4zK","2015-10-02 02:56:41"
649777546297405440,1,0,"Yesss https://t.co/K20TS8oX3u","2015-10-02 02:46:53"
649774219895508992,0,0,"Awe https://t.co/5026UJSh6T","2015-10-02 02:33:40"
649773450010034176,1,0,"You don't even understand bruh https://t.co/8csMmyudOe","2015-10-02 02:30:37"
649773036451696640,1,0,"Hella https://t.co/V9dUT41Amk","2015-10-02 02:28:58"
649771613030780928,1,0,"Me af https://t.co/otjXYvDVxW","2015-10-02 02:23:19"
649768964654940161,1,0,"Yes https://t.co/wZyagcvQFm","2015-10-02 02:12:47"
649767475932868608,2,0,"http://t.co/kQhGMHT9lC","2015-10-02 02:06:53"
649752760062095364,0,0,"A Message To My Generation ~ Molly Kate Kestner ~ Spoken Word http://t.co/al8TNo2RhT","2015-10-02 01:08:24"
649352502492573696,1,0,"The irony in me posting this😂 https://t.co/aAdr8xdCU9","2015-09-30 22:37:55"
649083825088102400,1,0,"Me https://t.co/Ye6z9kgQZj","2015-09-30 04:50:17"
649056164416614400,1,0,"*trys to do homework to stop thinking of you* Thinks: If he was my homework, I'd do him everyday. #fml","2015-09-30 03:00:23"
649039670861426688,1,0,"The only one I want to talk to, is the person I don't want to talk to. #fml #confusingperson #","2015-09-30 01:54:50"
648969953836531713,0,0,"Goodbyes suck. 💔😥 http://t.co/5EEiXCxTyk","2015-09-29 21:17:48"
648195694168141824,1,0,"Looking forward to the future. ➰➰➰ http://t.co/46P4WUoF3G","2015-09-27 18:01:11"
648193274159632384,0,1,"Funny but true. Lol😂 https://t.co/Efp2H1YYCh","2015-09-27 17:51:34"
647557123514040320,0,0,"Game time. Let's go mtneers!!! #eastnewton http://t.co/jxpDmehH7n","2015-09-25 23:43:43"
647460404956807168,0,0,"I would love to draw this, the problem is I suck at drawing banners...😭 http://t.co/DA6qtL0Ox7","2015-09-25 17:19:24"
647295161370673152,0,0,"Losing everything, but weight. http://t.co/xciyYtKema","2015-09-25 06:22:47"
646456882324897793,0,0,"So much pain, we don't know how to be anything but angry.","2015-09-22 22:51:45"
646452860419379200,0,0,"I'm always looking up but, I'm not sure what exactly I'm looking for. http://t.co/lUGmOxhaqD","2015-09-22 22:35:47"
644224665573986304,2,0,"Because now I know how to sell things to strangers. #motagged15 #mountvernon #mvffa","2015-09-16 19:01:44"
644167782557315073,1,0,"Because I wanna photosynthesize with you. #ffamv #mountvernon #motagged15 #daisydukes #sky","2015-09-16 15:15:42"
644166932761964544,0,0,"Because photosynthesize. #lol #ffamv #mountvernon #motagged15","2015-09-16 15:12:19"
644166709121650688,0,0,"FFA because now I know how to build a basket #ffamv #mountvernon #motagged15","2015-09-16 15:11:26"
644166086275891200,1,0,"Because competition is my fave. #ffamv #mountvernon #motagged15","2015-09-16 15:08:57"
644165848651857921,1,0,"I like FFA because it gives you a science credit for high-school. #mvffa #motagged15 #mountvernon","2015-09-16 15:08:00"
644165613162622977,1,0,"FFA is pretty great, gets me outta school and makes me learn stuff. #motagged15 #mountvernon #mvffa","2015-09-16 15:07:04"
643601301297729536,0,0,"Could you guys check out this video it would mean a lot to me. https://t.co/2659iwStkW #puppets","2015-09-15 01:44:42"
643392480050675712,1,0,"We all just need to make people happy. That would be great guys. #goodvibes #evenwhenthey #dontdeserveit","2015-09-14 11:54:55"
643176450019889152,2,0,"I feel like it's fake. Is this going to be the same as it was the last time? 🌑 http://t.co/VSkjskoiYC","2015-09-13 21:36:29"
642822129348558848,1,0,"But isn't it better to drink dirty water then to thirst to death? http://t.co/LQz1vw5CB7","2015-09-12 22:08:33"
641057591506833409,2,0,"I wish watching Breakfast Club and drinking hot chocolate was a sport. I'd be on heck of an athlete. 😂❤️","2015-09-08 01:16:54"
640595286889398278,0,0,"To all my exs. 😂❤ https://t.co/bjUE7fyIzI","2015-09-06 18:39:52"
640036135171850240,0,0,"http://t.co/Z3AohmOpNP","2015-09-05 05:38:00"
640000852753645568,0,0,"Not wanting to wash face paint off but sweaty af. 😒😆😝 #football @MVHS_AD","2015-09-05 03:17:48"
639928437180751872,0,0,"My favorite songs won't be ruined by your memory. You weren't worth that much. 😂😘 #ex","2015-09-04 22:30:03"
639571185957670916,0,0,"Game time. 😊🏆 #mvhs #vball","2015-09-03 22:50:28"
639449383604387842,0,0,"I love being happy.","2015-09-03 14:46:28"
638696703848091648,0,0,"I'm dying of death. Or I have a cold, either or. 😭 #sick","2015-09-01 12:55:35"
638505117826715649,0,0,"It's about to go down. 😂","2015-09-01 00:14:17"
637676963939807232,1,0,"Happy Birthday @MichaelJackson and happy birthday to me as well. 😊👌","2015-08-29 17:23:30"
636978437899464704,1,0,"Smile and wave boys, smile and wave. http://t.co/KVx1xwIGEH","2015-08-27 19:07:48"
636720931876941824,0,0,"Seeing your ex while driving to sonic with a guy who's much better looking and treats you better. Priceless. 😂👌 #sonic #date #priceless","2015-08-27 02:04:34"
635620132669161472,2,0,"My date went...... AMAZING!!!! #hellyes","2015-08-24 01:10:23"
635189028719980544,0,0,"Hot guy wants to hangout with me? Ummm yes! #thisisgoingto begreat","2015-08-22 20:37:20"
634950302878142464,0,0,"Hell of a day... #whatthefuckkkk","2015-08-22 04:48:43"
633747653239504900,0,0,"If I told you I didn't have a car, but I did I just never drove it. You wouldn't have known I lied. #iloveyou #jk","2015-08-18 21:09:49"
633716535165628416,1,0,"@cami22thompson god that's going to suck https://t.co/smJIeNnS9T","2015-08-18 19:06:10"
633716181392826368,0,0,"Hopefully one day I will be joining all of them. https://t.co/JLUEhe1fa9","2015-08-18 19:04:46"
633712804042813440,0,0,"Mwahhhhahaha  https://t.co/G2tvgjMHTf","2015-08-18 18:51:20"
633379784744001536,2,0,"Think about this a bit https://t.co/VPzyqjQtqr","2015-08-17 20:48:02"
633255432010657795,1,0,"Ready for a most likely awful day.(: http://t.co/hyM83000kb","2015-08-17 12:33:54"
633141703055007744,0,0,"I'd trade everything for happily ever after. #beautifuldisaster #justaskher","2015-08-17 05:01:59"
633136321423237120,1,0,"All it takes is one candle, it might still be dark but you can see. 💔","2015-08-17 04:40:36"
632745765756993536,0,0,"Ohhhhmyyyyloooord.  https://t.co/xTR7gopqs9","2015-08-16 02:48:41"
632744820298027014,0,0,"I need to know who wrote this. And hug them.  https://t.co/K1vajXWE0S","2015-08-16 02:44:55"
632742813206077440,1,0,"If I ask if your okay because I'm worried, and you continue ignoring me. I'll kill some people. #damnit 😒😁","2015-08-16 02:36:57"
632390726408474624,1,0,"💚Pretty Great Night! Fireworks,friends, and a Bonfire.❤️","2015-08-15 03:17:53"
631880414487965696,1,0,"Will someone come pull a fire alarm, run down the halls naked, or something because this is so boring and it sucks.","2015-08-13 17:30:05"
631834987902308352,0,0,"Anyone want to send me home yet? #schoolsucks","2015-08-13 14:29:34"
631787746470658048,0,0,"I feel like there just mocking me now... https://t.co/RxCXAvNx1E","2015-08-13 11:21:51"
631669037177503744,0,0,"Is lying apart of love? Because that's how it's been lately... http://t.co/0ytEPKQvXc","2015-08-13 03:30:08"
631303498403962880,0,0,"Same..  https://t.co/LJwgBf3ukM","2015-08-12 03:17:37"
631218818493251584,0,0,"And it's funny because I have a boyfriend. Lol https://t.co/xJ3J1JByO9","2015-08-11 21:41:08"
631212470011465728,0,0,"My life dude if I wanna add another spoon of sugar to my already sweet tea you can bet your skinny little ass I will.","2015-08-11 21:15:54"
630936923956117505,1,0,"Keep your doubts to yourself, trust I have enough. #handsup #antix","2015-08-11 03:00:59"
630846692116402176,0,0,"I have to get a root canal next dentist appointment. 😭😷 #damn","2015-08-10 21:02:26"
630837022362447872,1,0,"Tired of your shit, hope you enjoy being ignored. 😂","2015-08-10 20:24:01"
630660301826830336,1,0,"So apparently in Cali it's cool for guys to do their eyebrows. Me and my little brother have matching ones now.😭🔫","2015-08-10 08:41:47"
630501688332279809,1,0,"I need a nap, but I want to actually sleep tonight to. 😭😤","2015-08-09 22:11:31"
629850834654760960,1,0,"Today was a really great day. I was actually really happy. 😃","2015-08-08 03:05:15"
629056876622184448,1,0,"Freshmen if you haven't seen this yet.😒 https://t.co/uSLnsZqtbi","2015-08-05 22:30:21"
628755553066418176,1,0,"I'll never leave you. *2 minutes later* Ha see ya!🙋#stupidboys","2015-08-05 02:33:00"
628485569555755008,1,0,"http://t.co/QpOcUAZJDV","2015-08-04 08:40:11"
628398792060997632,0,0,"Must read!!!  https://t.co/kFjX3Cq8GA","2015-08-04 02:55:21"
627667598411370496,1,0,"May the bridges I burn light my way to happiness. 🔥","2015-08-02 02:29:51"
627638886018105344,0,0,"National girlfriends day would be great, if he didn't ignore me all day🙍Still love him though #NationalGirlfriendDay http://t.co/xvJFKc1nJl","2015-08-02 00:35:46"
627285576018984961,1,0,"I want this back. @Paige_McFarlan3 @Skythefreaknguy @AndreaNChimenti http://t.co/60tqj3uSbV","2015-08-01 01:11:50"
627284975700709376,1,0,"I'm at peace with something's now. Cousins are always going to make up. 😋 @Skythefreaknguy","2015-08-01 01:09:27"
627260140941479936,1,0,"Please freaking think about this when you talk. 😊👌 https://t.co/O2KdXNXqL0","2015-07-31 23:30:46"
627259382057730048,1,0,"Same. 😂 Lol https://t.co/XVF1CR7GFQ","2015-07-31 23:27:45"
627001605666136064,1,0,"I want to do something adventurous. 🕑","2015-07-31 06:23:26"
626999583126634496,1,0,"Holy cow, this is to true. https://t.co/7HWxmFzD9u","2015-07-31 06:15:24"
626710405985927169,1,0,"Why does every one hate on you? You can't really take it back. @hayleeyeats #why #bulliessuck #theinternet","2015-07-30 11:06:19"
626708910745874432,0,0,"“@googIeposts: “I wanted it to be you. I wanted it to be you so badly.”” It sucks when that isn't how it works out. #forthebetter","2015-07-30 11:00:22"
622007953495867392,1,0,"Had to start using my twitter again. Thanks to FFA... It's cool. 💯🇺🇸","2015-07-17 11:40:27"
622007788533907457,0,0,"Wlc http://t.co/92oFnJNnCJ","2015-07-17 11:39:47"
622007631348150272,0,0,"http://t.co/bO1961xoZx","2015-07-17 11:39:10"
622007603342766080,0,0,"Wlc http://t.co/21p1FdNnJY","2015-07-17 11:39:03"
579778268707971073,0,0,"Let's play Evil Apples! 😃
http://t.co/DDcY0ATlm0
Tap the link on your phone to join me! @evilapplesapp","2015-03-22 22:54:45"
578969661179494400,0,0,"Missing bae.💭","2015-03-20 17:21:38"
577933988595027968,0,0,"So I'm kinda a failure but it's okay because I don't do second best. #school","2015-03-17 20:46:15"
577843247705260032,1,0,"School sucks now. #gaveup","2015-03-17 14:45:40"
577478958280638465,0,0,"#crushed","2015-03-16 14:38:07"
576701854089814016,0,0,"The more I sit here the more I realize I shouldn't of got up this morning. #poultry #trying #isuck #goodbyefourthplace","2015-03-14 11:10:11"
576666802312204288,1,0,"We're kinda messed up in the head. Love my sissy!!! @AndreaNChimenti http://t.co/t2WfGKfJr7","2015-03-14 08:50:54"
576666181190295554,0,0,"Gotta do the best I have ever done, if I wanna make this team. #poultryday #am #growstrong #iwascountrywhencountrywasntcool #USDA #goFFA #ag","2015-03-14 08:48:26"
576539838368755713,0,0,"Oh gosh, today is not my day. #poultryday #ag #agchat #goFFA #USDA #iwascountrywhencountrywasntcool","2015-03-14 00:26:23"
575306047167967232,0,0,"I'm kinda goofy. http://t.co/SKen08D6BB","2015-03-10 14:43:44"
574398343448649728,0,0,"@Skythefreaknguy Baby😂","2015-03-08 02:36:51"
574398074014969856,0,0,"My girl. #chubsandserens @Paige_McFarlan3 http://t.co/vwxo68iQad","2015-03-08 02:35:47"
574397621176938497,0,0,"Feeling up some chickens. Weird, nasty but we need the practice.@Paige_McFarlan3 http://t.co/gWHtMPKEsx","2015-03-08 02:33:59"
569265483771326464,0,0,"I'm so freakin tired of all this snow! I'm sick and bored and I just want good weather! #snowdays #needtobuildacoop","2015-02-21 22:40:42"
569264365955735552,0,0,"New Farm account. 💜 @SkyrenF","2015-02-21 22:36:15"
569259699524079616,0,0,"“@nationalffa: Happy National #FFAweek! http://t.co/ri9RjTTR2o”","2015-02-21 22:17:43"
567723009805279233,0,0,"I want to do something!!!! FFA related would be nice. #ffa #bored #countrygirlinatownhome #chickens #cows","2015-02-17 16:31:27"
556555712655278080,1,0,"Coffee😘","2015-01-17 20:56:36"
556193533929848832,0,0,"Feeling kinda lame 😝","2015-01-16 20:57:26"
553252977197084672,0,0,"@mr_prewitt","2015-01-08 18:12:43"
536012361065590784,0,0,"I'm just a girl in love😍","2014-11-22 04:24:40"
536010278128078848,0,0,"Sometimes things need to fall apart in order for them to fall together❤","2014-11-22 04:16:23"
534872480125841408,0,0,"Brownies(:","2014-11-19 00:55:11"
534518244682792960,0,0,"Moving this weekend sucked glad I've got these baby's! (: http://t.co/rinNve4oGa","2014-11-18 01:27:35"
533140670727602176,0,0,"I will kill a magician and wear him as an outfit to go traveling to Hawaii. I say that like 21 times a day. @CapnDesDes","2014-11-14 06:13:35"
533136641943437312,0,0,"I'm too tired to fall asleep.💤✌💫🕘♥","2014-11-14 05:57:35"
532927624570740737,0,0,"Guess I'm reactivating my Twitter. Prewitt is luck I love FFA. #ffa #twitter #hatetwitter #lame @mr_prewitt","2014-11-13 16:07:01"
351853608830115840,0,0,"#ThriftShop #lookincredible","2013-07-02 00:03:32"
351124738308976641,0,0,"I like to scream random things #isthatweird @GirlCode","2013-06-29 23:47:15"
