"id","favorite count","retweet count","text","created at"
883433394855661569,1,0,"Thea say that I'm happy, but I'm not.. and from where I stand now It doesn't look any better..","2017-07-07 21:11:49"
882552207815651328,3,0,"@I_Need_Meds You're beautiful ❤️","2017-07-05 10:50:18"
882551910447943680,0,0,"I wish I could explain that shit that's going on in my life to someone but, I can't","2017-07-05 10:49:07"
882271597750607872,2,0,"That feeling when you realize you have no real friends","2017-07-04 16:15:15"
881444464719536128,0,0,"Wondering wether you should kill everyone around you or yourself","2017-07-02 09:28:31"
881331090316816385,2,0,"I hate when people say ""I'm here for you"" because I know they won't be there when I need them..😥","2017-07-02 01:58:00"
881044332144283653,1,0,"Person:""you're always so happy""
Me:*I'm a mess, can't you see that? I'm always faking it!*
Also me:""idk actually""","2017-07-01 06:58:32"
880926242664591361,0,0,"I hate this feeling!! Like I'm happy.. but, I'm not, like I'm skinny.. but, I'm not, like I'm here.. but, I'm not..","2017-06-30 23:09:17"
