"id","favorite count","retweet count","text","created at"
894086821851914241,0,0,"Yesss https://t.co/O4pnz1OVAC","2017-08-06 06:44:44"
894086646068637696,0,0,"😭😭 https://t.co/HrA81Azlys","2017-08-06 06:44:02"
893650827335925760,0,0,"Happy birthday @BarackObama !!! https://t.co/nARksH8irf","2017-08-05 01:52:15"
893648596243030022,1,1,"Happy birthday to two OG's, Dylan and Cole Sprouse. https://t.co/3ft5no9dxC","2017-08-05 01:43:23"
893645245308686337,0,0,"HBD Cody😂 @colesprouse. Love you Cole Sprouse 🎁🎈🎉. https://t.co/1ql7dSpJRs","2017-08-05 01:30:04"
892199985189720064,0,0,"Wtf😻😻😻 https://t.co/LslBuzPIwH","2017-08-01 01:47:07"
891922629409505280,0,0,"😂😂😂 https://t.co/4gNdY0B1rO","2017-07-31 07:25:00"
891031013283028994,0,0,"💯 https://t.co/i7bnoFv9CY","2017-07-28 20:22:02"
890991591783112704,0,0,"😍😍😍 https://t.co/sDhv6jRkZD","2017-07-28 17:45:23"
890777880216702978,0,1,"Whaaat😂😂😂 https://t.co/kWlinz6WwM","2017-07-28 03:36:11"
890439944484921344,0,0,"Do you. Focus on your priorities.","2017-07-27 05:13:20"
890432858547945477,0,0,"If oomf has hoes I'm hurt 😭","2017-07-27 04:45:11"
888550370141589508,0,0,"😩😩💘 https://t.co/44nkJpYslj","2017-07-22 00:04:51"
888547693059915776,0,0,"😂😂😂 https://t.co/eQxTYxH1dn","2017-07-21 23:54:13"
887151112163385345,0,0,"Listen to that little voice in your head.","2017-07-18 03:24:42"
887113689987526656,0,0,"Just do the right thing.","2017-07-18 00:56:00"
887061677753159680,0,0,"Out here never getting recognized for anything.","2017-07-17 21:29:19"
886462554805071872,0,0,"I miss sleep.","2017-07-16 05:48:37"
886462519002509312,0,0,"God help me.","2017-07-16 05:48:28"
886461995247185921,0,0,"I wanna make a move on oomf.","2017-07-16 05:46:23"
883948789610033152,0,0,"I'm just tired ASF of being lonely.","2017-07-09 07:19:49"
883948489918619648,0,0,"I'm literally hating on any relatiinship rn.","2017-07-09 07:18:37"
883577692502798336,0,0,"The way I'm thinking about food is crazy right now.😩😭🤔🍔🌮🍕","2017-07-08 06:45:12"
883569276518625280,0,0,"I really want McDonald's but I'm so lazy to go","2017-07-08 06:11:46"
883210058640883712,0,0,"I'm not tryna force nothing right now.","2017-07-07 06:24:21"
883209415670849536,0,0,"Nothing to do tonight.","2017-07-07 06:21:48"
883159913639415809,0,0,"Lowkey knowing that you're a non factor really sucks.","2017-07-07 03:05:06"
882839041988808704,0,0,"My horoscope said I'm alluring! Okaaay!!😛😏😅","2017-07-06 05:50:04"
882838298980491264,0,0,"I'm so ready to start eating healthy.","2017-07-06 05:47:07"
882838229271142400,0,0,"Haven't posted in a couple of days.","2017-07-06 05:46:50"
881071352286982144,0,0,"What's in the fridge?","2017-07-01 08:45:54"
881071048850108416,0,0,"I keep seeing food on my timeline. I'm gonna die.","2017-07-01 08:44:42"
881070735086821377,0,0,"I want Burger King 👑","2017-07-01 08:43:27"
881070655663476737,0,0,"Hungry asf 😩","2017-07-01 08:43:08"
880987140464803841,0,0,"😛😛😛","2017-07-01 03:11:16"
880345723979608064,0,0,"I want to be w you","2017-06-29 08:42:31"
880345638952738816,0,0,"I just want to know more about you.","2017-06-29 08:42:11"
880341462860386304,0,0,"I always feel like I got to be better than other people.","2017-06-29 08:25:35"
880340751674204160,0,0,"All you need is to be the best you.","2017-06-29 08:22:45"
879959657502175232,0,0,"Reflecting on my feelings n shit.","2017-06-28 07:08:25"
879616006209122305,0,0,"I lowkey feel me and oomf will be together.","2017-06-27 08:22:53"
879615861417553920,0,0,"I want pizza.","2017-06-27 08:22:18"
879610372336095232,0,0,"Sooo tired of being lonely and feeling like shit.","2017-06-27 08:00:29"
879542194180431872,0,0,"Seeing that one person away from you for just a second hurts.","2017-06-27 03:29:34"
879541731527622657,0,0,"Getting attached to one person ends up making you territorial .","2017-06-27 03:27:44"
879498914357018626,0,0,"Focus on yourself and get your priorities straight.","2017-06-27 00:37:36"
879498832974942209,0,0,"Whatever's best for you will come at its own time.","2017-06-27 00:37:16"
879498747419525121,0,0,"What you want is not always what you'll get.","2017-06-27 00:36:56"
879489134208987138,0,0,"Don't ever try and force friendships with people.","2017-06-26 23:58:44"
879483537300312064,0,0,"😩","2017-06-26 23:36:29"
879258126368858112,0,0,"There's nothing wrong about putting your feelings aside for a greater good.","2017-06-26 08:40:47"
878883832170151936,0,0,"Just thinking about oomf n shit.","2017-06-25 07:53:29"
878533804729786368,0,0,"I just want oomf to look at me and smile.","2017-06-24 08:42:36"
878533259826745344,0,0,"The sad thing it really feels like me.","2017-06-24 08:40:26"
878532381984133120,0,0,"Just reading n shit. Just trying to clear my mind.","2017-06-24 08:36:56"
878455788112678912,0,0,"It sucks to realize you missed out on a lot.","2017-06-24 03:32:35"
878455282996826112,0,0,"I'm in my feelings.","2017-06-24 03:30:35"
878145472346587137,0,0,"I feel like working.","2017-06-23 06:59:30"
878144676326510592,0,0,"I just want that connection with oomf.","2017-06-23 06:56:20"
878144054503944192,0,0,"I'm so competitive.","2017-06-23 06:53:52"
878116659294224385,0,0,"I just want a just NICE girl.-","2017-06-23 05:05:00"
878115374603972609,0,0,"Like I can't be thinking about that kind of shit.","2017-06-23 04:59:54"
878115250830098432,0,0,"Like don't talk about your relatonships in front of me.","2017-06-23 04:59:25"
878115076611358720,0,0,"Sometimes I just want to be in a relationship so bad.😩","2017-06-23 04:58:43"
877993743852462080,0,0,"I feel like I got prove myself and shit on anyone whose doubting me.","2017-06-22 20:56:35"
877990374744231936,0,0,"I can't wait to go shopping.","2017-06-22 20:43:12"
877804492564996096,0,0,"Another lonely night.","2017-06-22 08:24:34"
877433260971884545,0,0,"I feel really unimportant and irrelevant right now.😔","2017-06-21 07:49:25"
877432586234023936,0,0,"Wanting other people's attention sucks.","2017-06-21 07:46:45"
877431917850877953,0,0,"Knowing that your actions hurt someone that you care about has to be the worst feeling.","2017-06-21 07:44:05"
877034777416781832,0,0,"Be interested to be interesting.","2017-06-20 05:26:00"
876679380436733952,0,0,"I'm not gonna lie sending thank you in the comments for every compliment is so much work.😤😴","2017-06-19 05:53:46"
876536334575435779,0,0,"Today is such a beautiful day.","2017-06-18 20:25:22"
876351117705216002,0,0,"That moment when you're in the middle of a text and the other person starts replying.🙄😤","2017-06-18 08:09:22"
875968073920065536,0,0,"Anybody whose just easy to talk to is pretty cool.","2017-06-17 06:47:18"
875820774317318144,0,0,"I just wanna make people laugh.","2017-06-16 21:01:59"
875808094693076992,0,0,"Dismiss all of your thoughts and live in the moment.","2017-06-16 20:11:36"
875784409999437824,0,0,"Girls who can dress😩😍","2017-06-16 18:37:29"
875607767213461504,0,0,"I'm here for a good time not a long time.","2017-06-16 06:55:34"
875592701244133377,0,0,"Finding shit that you can relate to is where it's at.","2017-06-16 05:55:42"
875461824967299072,0,0,"Live in the moment that's when your the most authentic.","2017-06-15 21:15:39"
875431957403979777,0,0,"Laundry day!!","2017-06-15 19:16:58"
875271766222016513,0,0,"I really need to get my priorities in check and do something with my life.","2017-06-15 08:40:25"
875270860789002240,0,0,"I wanna smoke.","2017-06-15 08:36:49"
875270660221784068,0,0,"I hate waking up late.","2017-06-15 08:36:01"
875270595675643904,0,0,"Why can't I sleep.","2017-06-15 08:35:46"
875270533927100417,0,0,"Not twitter tho. https://t.co/ynGH1vPyCg","2017-06-15 08:35:31"
875270463500558336,0,0,"Gotta stay away from social media for a bit.","2017-06-15 08:35:14"
875269311987937280,0,0,"All you gotta do, is do you.","2017-06-15 08:30:40"
875197532338520064,0,0,"I just end up wishing I had somebody else there with me to show them how much I don't need them.","2017-06-15 03:45:26"
875092550159413249,0,0,"I need more guy role models.","2017-06-14 20:48:17"
875055007825108992,0,0,"I want new sandals.","2017-06-14 18:19:06"
874874691240026112,0,0,"Tired asf.","2017-06-14 06:22:35"
874824886946017280,0,0,"The only time I see some of y'all on social media is when it's about your boyfriend/girlfriend.","2017-06-14 03:04:41"
874821702693396482,0,0,"Don't judge. Meet me first.","2017-06-14 02:52:01"
874766581372510210,0,0,"Just want to do something fun.","2017-06-13 23:13:00"
874389104024313856,0,0,"Don't stop yourself from doing anything because you're scared of someone else's reaction to it.","2017-06-12 22:13:02"
874387489087270912,0,0,"When that one person watches your story right after you post it.😎","2017-06-12 22:06:37"
874380759225823233,0,0,"People are still really ignorant and don't understand a lot of shit.","2017-06-12 21:39:52"
874123349194047488,0,0,"Y'all don't even know how excited I am😛","2017-06-12 04:37:01"
874121024094261248,0,0,"Bro my next check bouta be extra fat. 🤑","2017-06-12 04:27:47"
874105405936369664,0,0,"Are we casually talking or do you have intentions.","2017-06-12 03:25:43"
874068257782870016,0,0,"I gotta be patient and work on myself before friendships.","2017-06-12 00:58:06"
874068078325370880,0,0,"I need to stop craving for things that I'm just not ready for.","2017-06-12 00:57:23"
873660950288760832,0,0,"What should I do with my life😩","2017-06-10 21:59:37"
873660734407921664,0,0,"@theblackpanther @ava What should I do with my life😫","2017-06-10 21:58:45"
873612341874761729,0,0,"I be feeling guilty n shit.","2017-06-10 18:46:27"
873612262719836160,0,0,"Why do I want to help other people so much?😩😩😩","2017-06-10 18:46:09"
873610378860691458,0,0,"I wish I had plans today😫","2017-06-10 18:38:39"
873065739875368962,0,0,"You think the thoughts that you feel.","2017-06-09 06:34:27"
873065636988985344,0,0,"I just want somebody's attention.","2017-06-09 06:34:03"
873052651897864193,0,0,"This ain't the sims you can't build a bitch how you want.","2017-06-09 05:42:27"
873012567022727168,0,0,"""Success is measured in your happiness cause if you ain't happy you have nothing.""","2017-06-09 03:03:10"
872960650800181248,0,0,"Stressed😫","2017-06-08 23:36:52"
872673807579967488,0,0,"I don't know what the move is.","2017-06-08 04:37:03"
872673430872756224,0,0,"All I did was work today.","2017-06-08 04:35:34"
872225600509030400,0,0,"I need shit that I can flex with.","2017-06-06 22:56:02"
872224950626779138,0,0,"Forreal I be missing people.","2017-06-06 22:53:28"
872224833387597826,0,0,"How do you rebuild a friendship you haven't had with someone in a while.","2017-06-06 22:53:00"
872066066889027585,0,0,"I be waking up way too early.","2017-06-06 12:22:07"
871912237325266948,0,0,"Uh oh😈","2017-06-06 02:10:51"
871136901771689988,0,0,"Im late to work like everyday.","2017-06-03 22:49:56"
870879716538023936,0,0,"I love myself.","2017-06-03 05:47:59"
870879656626540544,0,0,"Love yourself or nobody will.","2017-06-03 05:47:44"
870879599655362560,0,0,"I don't need friends. I got myself.","2017-06-03 05:47:31"
870397278099570688,0,0,"Hot cheetos and Arizona tea sounds fire rn.","2017-06-01 21:50:56"
869735735825506304,0,1,"We could be everything together","2017-05-31 02:02:12"
869735618024222721,0,0,"I just wanna go to the lake with oomf","2017-05-31 02:01:44"
869685938032660481,0,0,"The best place to chill is inside a car.","2017-05-30 22:44:20"
869398855875534849,0,0,"No plans. Again😅","2017-05-30 03:43:34"
869379540669345793,0,0,"It's summer😬","2017-05-30 02:26:49"
868864046543634432,0,0,"I'm stressed😤😩","2017-05-28 16:18:26"
868720325609086977,0,0,"There's a lot of things that l wish that I did","2017-05-28 06:47:20"
868720240900939776,0,0,"A little bittersweet tho","2017-05-28 06:47:00"
868720130661986304,0,0,"Then I'm DONE","2017-05-28 06:46:33"
868720058507419648,0,0,"Graduation tom","2017-05-28 06:46:16"
868316484870778880,0,0,"Let the haters keep seeing you smile.","2017-05-27 04:02:37"
868315983538245632,0,0,"The best revenge is being unbothered.","2017-05-27 04:00:37"
867239643695153152,0,0,"White trash chronicles","2017-05-24 04:43:38"
867238467276873728,0,0,"Let em eat the pussy n I dip on em 🎼","2017-05-24 04:38:57"
867173023769669632,0,0,"It just scares me that I still have so much to fix.","2017-05-24 00:18:54"
867172809885220867,0,0,"I just want to restart on a lot of things.","2017-05-24 00:18:03"
867172183801556992,0,0,"I just want the memories I never had.","2017-05-24 00:15:34"
867132136540733440,0,0,"No school😕","2017-05-23 21:36:26"
867131967606853632,0,0,"What am I doing tomorrow.","2017-05-23 21:35:46"
867131883448094721,0,0,"I need that somebody.","2017-05-23 21:35:26"
867131818625163264,0,0,"Dreaming about oomf","2017-05-23 21:35:10"
867078305517891584,0,0,"I don't know what's gonna happen to my life right now.","2017-05-23 18:02:32"
866091579894837248,0,0,"That's a bio.","2017-05-21 00:41:38"
864706972523933697,0,0,"Today was a great day👌","2017-05-17 04:59:42"
863600892188274689,0,0,"I don't even know what to do with my life.","2017-05-14 03:44:32"
863594272989335552,0,0,"I wanna date you😩","2017-05-14 03:18:14"
863101463207309314,0,0,"Why him?","2017-05-12 18:39:59"
863101211926507520,0,0,"Just showing y'all the things I do to chill.","2017-05-12 18:38:59"
862863057546076168,0,0,"Diversity is beautiful.","2017-05-12 02:52:38"
862538035220676609,0,0,"oxreality's video https://t.co/bwLgPNip7z","2017-05-11 05:21:07"
861432736107593728,0,0,"I really need to start thinking about school.","2017-05-08 04:09:03"
860313413519646721,0,0,"Don't wanna let go of the blessings.","2017-05-05 02:01:16"
860312444249485315,0,0,"Ready for a fresh start.","2017-05-05 01:57:25"
860312254293700611,0,0,"Just embracing new beginnings and staying out my head.","2017-05-05 01:56:39"
859630309238870016,0,0,"I just want it to go back to how it was.","2017-05-03 04:46:51"
859629790298603520,0,0,"But do they miss me like how I miss them.","2017-05-03 04:44:47"
859629633955876864,0,0,"I miss some people so much.😭😭😭","2017-05-03 04:44:10"
859142878534283264,0,0,"Making sacrifices for other people is the best thing that you can do.","2017-05-01 20:29:59"
859142332989534208,0,0,"People who do things for other people selflessly have the purest hearts.😇","2017-05-01 20:27:48"
858150245787729920,1,0,"Listening to music while your half asleep is the best.","2017-04-29 02:45:36"
857805298018525184,0,0,"Starving😩😫","2017-04-28 03:54:54"
856940678810611712,0,0,"I need something else in my life right now.","2017-04-25 18:39:13"
856940481271521280,0,0,"All I do is sleep and go to school.","2017-04-25 18:38:26"
856940294973083650,0,0,"J. Cole the best out here.❤️🤤😭","2017-04-25 18:37:42"
855953988059107328,0,0,"Don't know what to do with life.","2017-04-23 01:18:28"
855604886943264768,0,0,"A lot are talented but the ones who never stop grinding reach there goals.","2017-04-22 02:11:16"
855604670240370691,0,0,"The people that have the drive and determination always come on top.","2017-04-22 02:10:24"
855438823806861312,0,0,"Is this still a game or is it for real?","2017-04-21 15:11:23"
855113808049836032,0,0,"Dedication and commitment will get you far.","2017-04-20 17:39:53"
854873080610648065,0,0,"Hungry 🤤","2017-04-20 01:43:19"
854500743486820352,0,0,"I'm literally starving though.","2017-04-19 01:03:47"
854500669591625729,0,0,"Honestly I'm too lazy to get anything.","2017-04-19 01:03:30"
854500365835874304,0,0,"I haven't ate food from so many restaurants but I can still crave their food like I have.","2017-04-19 01:02:17"
854478804504498176,0,0,"Especially when they're fronting and its not really what they're about.","2017-04-18 23:36:37"
854478649915052034,0,0,"I hate when people say things for an audience.","2017-04-18 23:36:00"
854472272970735617,0,0,"Dude I miss people I barely know.","2017-04-18 23:10:39"
854463282559811584,0,0,"Some people making some bold ass tweets.","2017-04-18 22:34:56"
854460583474843648,0,0,"I need to start working out.💪","2017-04-18 22:24:12"
854459778906632192,0,0,"Zendaya is soo fine.","2017-04-18 22:21:01"
854458221632901120,0,0,"Where do people come up with these clever and relatable ass tweets.","2017-04-18 22:14:49"
853113974748889088,0,0,"I just wanna meditate and go to sleep.","2017-04-15 05:13:16"
850517643488636928,0,0,"You're never alone when you got a phone with a lit playlist.","2017-04-08 01:16:22"
849390450515595266,0,0,"I was really in my feelings.😭😭","2017-04-04 22:37:18"
849390322719358977,0,0,"Shameless season finale had me shook last night. 😩😩😩😤","2017-04-04 22:36:48"
849010349856763905,0,0,"I feel so good right now😌","2017-04-03 21:26:55"
849010141777338373,0,0,"This feeling is so soothing","2017-04-03 21:26:06"
849007106615332864,0,0,"I feel like I know it all rn","2017-04-03 21:14:02"
848789245665959937,0,0,"First tweet!!😛","2017-04-03 06:48:20"
